method,tick,sample_id,label,class_sample_index,same_mean,different_mean,same_minus_different
weighted_jaccard,1,class091-coucal-sample00-src00000,91,0,0.11187448543045614,0.13550151539500618,-0.023627029964550045
weighted_jaccard,1,class091-coucal-sample01-src00316,91,1,0.10205793311871963,0.15623776834320657,-0.05417983522448694
weighted_jaccard,1,class091-coucal-sample02-src01583,91,2,0.10043597136305218,0.14139620013439042,-0.04096022877133823
weighted_jaccard,1,class091-coucal-sample03-src01629,91,3,0.03144088776666186,0.010698743078044757,0.020742144688617105
weighted_jaccard,1,class091-coucal-sample04-src03448,91,4,0.0319158224059056,0.014552431239053188,0.01736339116685241
weighted_jaccard,1,class171-Italian_greyhound-sample00-src00001,171,0,0.015011913982141726,0.012285618242376388,0.0027262957397653376
weighted_jaccard,1,class171-Italian_greyhound-sample01-src02164,171,1,0.13489235923733936,0.11082113614665925,0.024071223090680105
weighted_jaccard,1,class171-Italian_greyhound-sample02-src02599,171,2,0.12948851529377314,0.11244887539532647,0.017039639898446673
weighted_jaccard,1,class171-Italian_greyhound-sample03-src02775,171,3,0.013836368501275198,0.00981006243191516,0.004026306069360039
weighted_jaccard,1,class171-Italian_greyhound-sample04-src03793,171,4,0.07886223087653302,0.13383872606617614,-0.05497649518964312
weighted_jaccard,1,class505-coffeepot-sample00-src00013,505,0,0.20135038597007276,0.11082838065538596,0.09052200531468681
weighted_jaccard,1,class505-coffeepot-sample01-src01487,505,1,0.19923861883675165,0.10528584576516223,0.09395277307158942
weighted_jaccard,1,class505-coffeepot-sample02-src02782,505,2,0.18952554699155053,0.10013637586848048,0.08938917112307004
weighted_jaccard,1,class505-coffeepot-sample03-src05563,505,3,0.15781323182168674,0.11034059697665141,0.04747263484503533
weighted_jaccard,1,class505-coffeepot-sample04-src05824,505,4,0.19887475233785198,0.11485624021867136,0.08401851211918063
weighted_jaccard,1,class817-sports_car-sample00-src00019,817,0,0.18985210516416667,0.08402941340014577,0.1058226917640209
weighted_jaccard,1,class817-sports_car-sample01-src00787,817,1,0.15065205627738243,0.14240785615762236,0.00824420011976007
weighted_jaccard,1,class817-sports_car-sample02-src02853,817,2,0.17085380783375873,0.0853146325087942,0.08553917532496452
weighted_jaccard,1,class817-sports_car-sample03-src04513,817,3,0.17647520957415416,0.11408546535802941,0.062389744216124754
weighted_jaccard,1,class817-sports_car-sample04-src04549,817,4,0.1723731851275341,0.12240397007251184,0.04996921505502226
weighted_jaccard,1,class980-volcano-sample00-src00002,980,0,0.17504069956176002,0.11196745327678788,0.06307324628497214
weighted_jaccard,1,class980-volcano-sample01-src00863,980,1,0.158570995957649,0.1261329582499656,0.032438037707683415
weighted_jaccard,1,class980-volcano-sample02-src01265,980,2,0.1809747338470954,0.1230422412186369,0.057932492628458496
weighted_jaccard,1,class980-volcano-sample03-src01422,980,3,0.20268698664604629,0.1361649005812834,0.0665220860647629
weighted_jaccard,1,class980-volcano-sample04-src01813,980,4,0.0,0.022239308402764495,-0.022239308402764495
edge_cosine,1,class091-coucal-sample00-src00000,91,0,0.25554425249244517,0.3336011897374641,-0.07805693724501894
edge_cosine,1,class091-coucal-sample01-src00316,91,1,0.24243867870315175,0.3714900292891633,-0.12905135058601155
edge_cosine,1,class091-coucal-sample02-src01583,91,2,0.2285817462498583,0.31891066369103005,-0.09032891744117175
edge_cosine,1,class091-coucal-sample03-src01629,91,3,0.05469350668151718,0.020736241786302165,0.033957264895215014
edge_cosine,1,class091-coucal-sample04-src03448,91,4,0.05333363577315523,0.03255523996441989,0.02077839580873534
edge_cosine,1,class171-Italian_greyhound-sample00-src00001,171,0,0.021462700075352538,0.023418920450503526,-0.0019562203751509882
edge_cosine,1,class171-Italian_greyhound-sample01-src02164,171,1,0.29310088669053946,0.2331451188911114,0.05995576779942807
edge_cosine,1,class171-Italian_greyhound-sample02-src02599,171,2,0.28237732092902545,0.23318312618593415,0.04919419474309131
edge_cosine,1,class171-Italian_greyhound-sample03-src02775,171,3,0.017114444484761734,0.01662512548067082,0.0004893190040909136
edge_cosine,1,class171-Italian_greyhound-sample04-src03793,171,4,0.1848671672622591,0.32239019382685,-0.13752302656459092
edge_cosine,1,class505-coffeepot-sample00-src00013,505,0,0.4855846559368261,0.27513400968633966,0.21045064625048643
edge_cosine,1,class505-coffeepot-sample01-src01487,505,1,0.46775787625496973,0.24330178472380487,0.22445609153116486
edge_cosine,1,class505-coffeepot-sample02-src02782,505,2,0.43750557066977863,0.23239830711880752,0.20510726355097111
edge_cosine,1,class505-coffeepot-sample03-src05563,505,3,0.3678428719116298,0.26114735948748546,0.10669551242414432
edge_cosine,1,class505-coffeepot-sample04-src05824,505,4,0.46276586353399857,0.26065223643905056,0.202113627094948
edge_cosine,1,class817-sports_car-sample00-src00019,817,0,0.449070134682371,0.1522294145492643,0.2968407201331067
edge_cosine,1,class817-sports_car-sample01-src00787,817,1,0.28992275470285844,0.3431112077962385,-0.05318845309338005
edge_cosine,1,class817-sports_car-sample02-src02853,817,2,0.4056474031056124,0.1281400418639288,0.2775073612416836
edge_cosine,1,class817-sports_car-sample03-src04513,817,3,0.40095692528060983,0.2774761876660202,0.12348073761458961
edge_cosine,1,class817-sports_car-sample04-src04549,817,4,0.43203874349297416,0.3016769255416489,0.1303618179513253
edge_cosine,1,class980-volcano-sample00-src00002,980,0,0.4177032894301542,0.2689570230795582,0.148746266350596
edge_cosine,1,class980-volcano-sample01-src00863,980,1,0.3818529071564093,0.30441190359483195,0.07744100356157735
edge_cosine,1,class980-volcano-sample02-src01265,980,2,0.41749339032196414,0.26294634375684767,0.15454704656511647
edge_cosine,1,class980-volcano-sample03-src01422,980,3,0.4667913470928652,0.33044929911404664,0.13634204797881855
edge_cosine,1,class980-volcano-sample04-src01813,980,4,0.0,0.054037634436369074,-0.054037634436369074
degree_strength_cosine,1,class091-coucal-sample00-src00000,91,0,0.4038737852086983,0.5998633313147634,-0.19598954610606512
degree_strength_cosine,1,class091-coucal-sample01-src00316,91,1,0.40441878539456644,0.6351774622059777,-0.23075867681141127
degree_strength_cosine,1,class091-coucal-sample02-src01583,91,2,0.4869286109582832,0.5809936093613289,-0.09406499840304572
degree_strength_cosine,1,class091-coucal-sample03-src01629,91,3,0.1690076671421311,0.10930595893439618,0.05970170820773493
degree_strength_cosine,1,class091-coucal-sample04-src03448,91,4,0.15289455450207587,0.10538406143234473,0.04751049306973114
degree_strength_cosine,1,class171-Italian_greyhound-sample00-src00001,171,0,0.10001941122651006,0.112379063581225,-0.012359652354714937
degree_strength_cosine,1,class171-Italian_greyhound-sample01-src02164,171,1,0.41988589452360603,0.4739934821379671,-0.054107587614361075
degree_strength_cosine,1,class171-Italian_greyhound-sample02-src02599,171,2,0.3903900426950274,0.4663450858380952,-0.07595504314306778
degree_strength_cosine,1,class171-Italian_greyhound-sample03-src02775,171,3,0.06828429965774657,0.0805775351010902,-0.012293235443343625
degree_strength_cosine,1,class171-Italian_greyhound-sample04-src03793,171,4,0.34816718460901475,0.6129687316712255,-0.2648015470622107
degree_strength_cosine,1,class505-coffeepot-sample00-src00013,505,0,0.7561873098061219,0.5238852787071331,0.23230203109898884
degree_strength_cosine,1,class505-coffeepot-sample01-src01487,505,1,0.7384207664532836,0.48891321854874226,0.24950754790454133
degree_strength_cosine,1,class505-coffeepot-sample02-src02782,505,2,0.7193767641595731,0.4717078153260699,0.24766894883350316
degree_strength_cosine,1,class505-coffeepot-sample03-src05563,505,3,0.6558146403342644,0.5140861361991497,0.14172850413511473
degree_strength_cosine,1,class505-coffeepot-sample04-src05824,505,4,0.7343094643773006,0.4995401602514725,0.23476930412582808
degree_strength_cosine,1,class817-sports_car-sample00-src00019,817,0,0.6689233189616641,0.3515965925243581,0.31732672643730603
degree_strength_cosine,1,class817-sports_car-sample01-src00787,817,1,0.5370955602984262,0.5915014998440014,-0.054405939545575155
degree_strength_cosine,1,class817-sports_car-sample02-src02853,817,2,0.5995472865235317,0.2738625218923563,0.3256847646311754
degree_strength_cosine,1,class817-sports_car-sample03-src04513,817,3,0.6414872278179398,0.5288679799675091,0.11261924785043065
degree_strength_cosine,1,class817-sports_car-sample04-src04549,817,4,0.6758995613030759,0.5493776707979069,0.12652189050516904
degree_strength_cosine,1,class980-volcano-sample00-src00002,980,0,0.6203588685812155,0.5218506768100576,0.09850819177115788
degree_strength_cosine,1,class980-volcano-sample01-src00863,980,1,0.6332914967051174,0.5585196812771045,0.07477181542801292
degree_strength_cosine,1,class980-volcano-sample02-src01265,980,2,0.6202273262661602,0.5077322196848428,0.11249510658131734
degree_strength_cosine,1,class980-volcano-sample03-src01422,980,3,0.6697389687246186,0.5803359312345369,0.08940303749008172
degree_strength_cosine,1,class980-volcano-sample04-src01813,980,4,0.01072479570222015,0.16007262899905125,-0.1493478332968311
spectral_similarity,1,class091-coucal-sample00-src00000,91,0,0.8551531537374648,0.8794117971055713,-0.02425864336810646
spectral_similarity,1,class091-coucal-sample01-src00316,91,1,0.8190450986086817,0.8338997091663172,-0.014854610557635484
spectral_similarity,1,class091-coucal-sample02-src01583,91,2,0.8643763622242725,0.9008234714159598,-0.036447109191687255
spectral_similarity,1,class091-coucal-sample03-src01629,91,3,0.8276312625710384,0.8508182087285109,-0.02318694615747252
spectral_similarity,1,class091-coucal-sample04-src03448,91,4,0.8320309232225358,0.8609350025540043,-0.028904079331468546
spectral_similarity,1,class171-Italian_greyhound-sample00-src00001,171,0,0.8649498832822597,0.8177646452787061,0.047185238003553676
spectral_similarity,1,class171-Italian_greyhound-sample01-src02164,171,1,0.8947991917626323,0.8502424712013129,0.04455672056131943
spectral_similarity,1,class171-Italian_greyhound-sample02-src02599,171,2,0.8974393869299886,0.8917122356448033,0.005727151285185306
spectral_similarity,1,class171-Italian_greyhound-sample03-src02775,171,3,0.8207715026832093,0.8786037065562835,-0.057832203873074195
spectral_similarity,1,class171-Italian_greyhound-sample04-src03793,171,4,0.9032580192867042,0.8716447654611091,0.0316132538255951
spectral_similarity,1,class505-coffeepot-sample00-src00013,505,0,0.9098076762223827,0.8876834595556801,0.022124216666702612
spectral_similarity,1,class505-coffeepot-sample01-src01487,505,1,0.9279206485465799,0.8800046575544244,0.04791599099215549
spectral_similarity,1,class505-coffeepot-sample02-src02782,505,2,0.9405904895325649,0.8863964172042668,0.05419407232829809
spectral_similarity,1,class505-coffeepot-sample03-src05563,505,3,0.9319608902883999,0.8756794968571462,0.05628139343125371
spectral_similarity,1,class505-coffeepot-sample04-src05824,505,4,0.9096918116140359,0.8742115079484719,0.035480303665563984
spectral_similarity,1,class817-sports_car-sample00-src00019,817,0,0.8076299907242811,0.8102078095721993,-0.0025778188479181896
spectral_similarity,1,class817-sports_car-sample01-src00787,817,1,0.8398333732919592,0.9105147135953443,-0.07068134030338513
spectral_similarity,1,class817-sports_car-sample02-src02853,817,2,0.8015518185154435,0.7989238440922698,0.002627974423173751
spectral_similarity,1,class817-sports_car-sample03-src04513,817,3,0.8345523427106576,0.9015529746013685,-0.06700063189071093
spectral_similarity,1,class817-sports_car-sample04-src04549,817,4,0.7639052957166845,0.8106767214620854,-0.04677142574540083
spectral_similarity,1,class980-volcano-sample00-src00002,980,0,0.9249360428767702,0.8766651294615944,0.048270913415175865
spectral_similarity,1,class980-volcano-sample01-src00863,980,1,0.8920497501748302,0.8654603924912341,0.02658935768359616
spectral_similarity,1,class980-volcano-sample02-src01265,980,2,0.928665574112775,0.879125180381372,0.049540393731402954
spectral_similarity,1,class980-volcano-sample03-src01422,980,3,0.8996364618848536,0.8469421869498172,0.05269427493503642
spectral_similarity,1,class980-volcano-sample04-src01813,980,4,0.9065276764718562,0.8981440833330513,0.008383593138804879
weighted_jaccard,5,class091-coucal-sample00-src00000,91,0,0.1316250594816278,0.05218731734060287,0.07943774214102495
weighted_jaccard,5,class091-coucal-sample01-src00316,91,1,0.09129505164891588,0.058573159843841906,0.032721891805073976
weighted_jaccard,5,class091-coucal-sample02-src01583,91,2,0.1007085521858404,0.042930807244384486,0.05777774494145592
weighted_jaccard,5,class091-coucal-sample03-src01629,91,3,0.1218708801952973,0.052006332843703575,0.06986454735159373
weighted_jaccard,5,class091-coucal-sample04-src03448,91,4,0.14450777598076622,0.060351142046994,0.08415663393377222
weighted_jaccard,5,class171-Italian_greyhound-sample00-src00001,171,0,0.08169762668730993,0.0510846312597002,0.03061299542760973
weighted_jaccard,5,class171-Italian_greyhound-sample01-src02164,171,1,0.10092149074387072,0.042071464894806426,0.05885002584906429
weighted_jaccard,5,class171-Italian_greyhound-sample02-src02599,171,2,0.13506035101453945,0.044483603683606224,0.09057674733093322
weighted_jaccard,5,class171-Italian_greyhound-sample03-src02775,171,3,0.10691838904929243,0.03647848609424543,0.07043990295504701
weighted_jaccard,5,class171-Italian_greyhound-sample04-src03793,171,4,0.07354492460009177,0.057593616468696,0.015951308131395767
weighted_jaccard,5,class505-coffeepot-sample00-src00013,505,0,0.08989997988876927,0.04643480133372706,0.043465178555042214
weighted_jaccard,5,class505-coffeepot-sample01-src01487,505,1,0.08741451543352051,0.04054140079265313,0.04687311464086738
weighted_jaccard,5,class505-coffeepot-sample02-src02782,505,2,0.08885960448522719,0.04580819682419031,0.04305140766103688
weighted_jaccard,5,class505-coffeepot-sample03-src05563,505,3,0.07360883689894689,0.04883299417288308,0.024775842726063806
weighted_jaccard,5,class505-coffeepot-sample04-src05824,505,4,0.07208280350765525,0.04673226313443056,0.025350540373224692
weighted_jaccard,5,class817-sports_car-sample00-src00019,817,0,0.12190090633972725,0.05010690254231155,0.0717940037974157
weighted_jaccard,5,class817-sports_car-sample01-src00787,817,1,0.10398560284116765,0.06370866203019349,0.04027694081097416
weighted_jaccard,5,class817-sports_car-sample02-src02853,817,2,0.08460528495764712,0.03610174565535759,0.048503539302289525
weighted_jaccard,5,class817-sports_car-sample03-src04513,817,3,0.11292526881133587,0.04578074881675757,0.0671445199945783
weighted_jaccard,5,class817-sports_car-sample04-src04549,817,4,0.10209304608037273,0.05029566894502254,0.05179737713535019
weighted_jaccard,5,class980-volcano-sample00-src00002,980,0,0.11001255641973913,0.053609509963312395,0.056403046456426735
weighted_jaccard,5,class980-volcano-sample01-src00863,980,1,0.08969125109805882,0.044041885818966696,0.04564936527909213
weighted_jaccard,5,class980-volcano-sample02-src01265,980,2,0.12440908079149027,0.06121402707822989,0.06319505371326037
weighted_jaccard,5,class980-volcano-sample03-src01422,980,3,0.13873081159854372,0.05398500204168696,0.08474580955685676
weighted_jaccard,5,class980-volcano-sample04-src01813,980,4,0.14921986115739674,0.05304050895823638,0.09617935219916036
edge_cosine,5,class091-coucal-sample00-src00000,91,0,0.32397394019008946,0.11444752480714768,0.20952641538294178
edge_cosine,5,class091-coucal-sample01-src00316,91,1,0.231892354393462,0.16154713759262862,0.07034521680083339
edge_cosine,5,class091-coucal-sample02-src01583,91,2,0.24788242432788588,0.0925492932614906,0.1553331310663953
edge_cosine,5,class091-coucal-sample03-src01629,91,3,0.3064796467360266,0.13199478774920806,0.17448485898681856
edge_cosine,5,class091-coucal-sample04-src03448,91,4,0.3663798210962504,0.15439998315477077,0.21197983794147962
edge_cosine,5,class171-Italian_greyhound-sample00-src00001,171,0,0.2250411274213806,0.12773673728998763,0.09730439013139297
edge_cosine,5,class171-Italian_greyhound-sample01-src02164,171,1,0.22920594036129077,0.08002478373256076,0.14918115662873
edge_cosine,5,class171-Italian_greyhound-sample02-src02599,171,2,0.3340908625128103,0.0879025157785494,0.24618834673426088
edge_cosine,5,class171-Italian_greyhound-sample03-src02775,171,3,0.24631116582506865,0.06100391573068102,0.18530725009438764
edge_cosine,5,class171-Italian_greyhound-sample04-src03793,171,4,0.18818335930976304,0.1709459793995976,0.01723737991016544
edge_cosine,5,class505-coffeepot-sample00-src00013,505,0,0.34834297965436545,0.10344874138900499,0.24489423826536044
edge_cosine,5,class505-coffeepot-sample01-src01487,505,1,0.3062589581683472,0.08693588397066693,0.21932307419768027
edge_cosine,5,class505-coffeepot-sample02-src02782,505,2,0.3300006303875558,0.09701417472185872,0.23298645566569706
edge_cosine,5,class505-coffeepot-sample03-src05563,505,3,0.2590496943422491,0.12626890394599627,0.13278079039625285
edge_cosine,5,class505-coffeepot-sample04-src05824,505,4,0.16814835691517926,0.09556551850831867,0.0725828384068606
edge_cosine,5,class817-sports_car-sample00-src00019,817,0,0.35703868511415077,0.10451136422652885,0.2525273208876219
edge_cosine,5,class817-sports_car-sample01-src00787,817,1,0.27035016133797035,0.1650536783810054,0.10529648295696495
edge_cosine,5,class817-sports_car-sample02-src02853,817,2,0.28438607331185084,0.06784382441369823,0.2165422488981526
edge_cosine,5,class817-sports_car-sample03-src04513,817,3,0.30271163879209206,0.1189137272854128,0.18379791150667926
edge_cosine,5,class817-sports_car-sample04-src04549,817,4,0.24814853843853027,0.13138858563937636,0.11675995279915391
edge_cosine,5,class980-volcano-sample00-src00002,980,0,0.2545824370672694,0.1231651373458547,0.1314172997214147
edge_cosine,5,class980-volcano-sample01-src00863,980,1,0.28478465582374707,0.12025498878620569,0.16452966703754138
edge_cosine,5,class980-volcano-sample02-src01265,980,2,0.2881731153827267,0.15155642638348485,0.13661668899924187
edge_cosine,5,class980-volcano-sample03-src01422,980,3,0.34791076694978673,0.12751609416387458,0.22039467278591215
edge_cosine,5,class980-volcano-sample04-src01813,980,4,0.3294557305778639,0.12032783837897018,0.20912789219889374
degree_strength_cosine,5,class091-coucal-sample00-src00000,91,0,0.6333898036354378,0.36279568609513263,0.2705941175403052
degree_strength_cosine,5,class091-coucal-sample01-src00316,91,1,0.5266589372713134,0.46256185750531625,0.06409707976599716
degree_strength_cosine,5,class091-coucal-sample02-src01583,91,2,0.6037911530299461,0.34442825570801516,0.25936289732193096
degree_strength_cosine,5,class091-coucal-sample03-src01629,91,3,0.5869548778097692,0.3944236878874322,0.19253118992233698
degree_strength_cosine,5,class091-coucal-sample04-src03448,91,4,0.6749681090434103,0.44103133094421104,0.23393677809919927
degree_strength_cosine,5,class171-Italian_greyhound-sample00-src00001,171,0,0.4684398488621787,0.4475063359416042,0.020933512920574493
degree_strength_cosine,5,class171-Italian_greyhound-sample01-src02164,171,1,0.44660067722225316,0.24712010895850206,0.1994805682637511
degree_strength_cosine,5,class171-Italian_greyhound-sample02-src02599,171,2,0.5678182950315508,0.27610145382491513,0.29171684120663566
degree_strength_cosine,5,class171-Italian_greyhound-sample03-src02775,171,3,0.4760630561590038,0.21726667898089502,0.25879637717810877
degree_strength_cosine,5,class171-Italian_greyhound-sample04-src03793,171,4,0.404544675571923,0.4828741268989236,-0.07832945132700064
degree_strength_cosine,5,class505-coffeepot-sample00-src00013,505,0,0.5877580878756463,0.34361715257404757,0.24414093530159875
degree_strength_cosine,5,class505-coffeepot-sample01-src01487,505,1,0.5400420879147861,0.22866753121000408,0.3113745567047821
degree_strength_cosine,5,class505-coffeepot-sample02-src02782,505,2,0.5724622530550976,0.3141228283076643,0.25833942474743327
degree_strength_cosine,5,class505-coffeepot-sample03-src05563,505,3,0.5032514471730424,0.3581783591340329,0.14507308803900948
degree_strength_cosine,5,class505-coffeepot-sample04-src05824,505,4,0.28740102601015227,0.26122061444916544,0.026180411560986827
degree_strength_cosine,5,class817-sports_car-sample00-src00019,817,0,0.6887079262249645,0.39628616627600716,0.2924217599489573
degree_strength_cosine,5,class817-sports_car-sample01-src00787,817,1,0.6962880685126254,0.40888294406717174,0.28740512444545363
degree_strength_cosine,5,class817-sports_car-sample02-src02853,817,2,0.5688287012186138,0.27799392894110025,0.2908347722775136
degree_strength_cosine,5,class817-sports_car-sample03-src04513,817,3,0.6137378167801182,0.30575957836361145,0.30797823841650673
degree_strength_cosine,5,class817-sports_car-sample04-src04549,817,4,0.5670557968278891,0.3586862272447626,0.20836956958312647
degree_strength_cosine,5,class980-volcano-sample00-src00002,980,0,0.5814513001530289,0.3904656922553348,0.19098560789769414
degree_strength_cosine,5,class980-volcano-sample01-src00863,980,1,0.7096736791532547,0.33722750525084977,0.372446173902405
degree_strength_cosine,5,class980-volcano-sample02-src01265,980,2,0.6811972947810085,0.46077971201255175,0.2204175827684568
degree_strength_cosine,5,class980-volcano-sample03-src01422,980,3,0.7316061071403636,0.3805719632649656,0.35103414387539794
degree_strength_cosine,5,class980-volcano-sample04-src01813,980,4,0.7465044622612486,0.38850649269551785,0.3579979695657307
spectral_similarity,5,class091-coucal-sample00-src00000,91,0,0.8959221454737688,0.8494801332041438,0.046442012269624966
spectral_similarity,5,class091-coucal-sample01-src00316,91,1,0.8422244471448604,0.8522498829861469,-0.010025435841286456
spectral_similarity,5,class091-coucal-sample02-src01583,91,2,0.8779108540246887,0.8466419922569669,0.03126886176772181
spectral_similarity,5,class091-coucal-sample03-src01629,91,3,0.8751436400696896,0.863941809800642,0.011201830269047641
spectral_similarity,5,class091-coucal-sample04-src03448,91,4,0.8842129642576075,0.8508583502453734,0.03335461401223416
spectral_similarity,5,class171-Italian_greyhound-sample00-src00001,171,0,0.7342166230490491,0.8499529888429933,-0.1157363657939442
spectral_similarity,5,class171-Italian_greyhound-sample01-src02164,171,1,0.8313359528421576,0.8419509996083286,-0.010615046766171088
spectral_similarity,5,class171-Italian_greyhound-sample02-src02599,171,2,0.8251021797105498,0.8174748468521056,0.007627332858444191
spectral_similarity,5,class171-Italian_greyhound-sample03-src02775,171,3,0.7173671995044788,0.6834258472362115,0.03394135226826733
spectral_similarity,5,class171-Italian_greyhound-sample04-src03793,171,4,0.8108365272994462,0.891981993373674,-0.08114546607422779
spectral_similarity,5,class505-coffeepot-sample00-src00013,505,0,0.8174734844522544,0.8691901879749848,-0.05171670352273039
spectral_similarity,5,class505-coffeepot-sample01-src01487,505,1,0.8847725212358994,0.8613844394439576,0.02338808179194185
spectral_similarity,5,class505-coffeepot-sample02-src02782,505,2,0.8928457705094993,0.8646413567390114,0.02820441377048788
spectral_similarity,5,class505-coffeepot-sample03-src05563,505,3,0.776964487042278,0.7727583493398577,0.004206137702420398
spectral_similarity,5,class505-coffeepot-sample04-src05824,505,4,0.8895619282880025,0.8687871005220762,0.020774827765926318
spectral_similarity,5,class817-sports_car-sample00-src00019,817,0,0.8174779400145389,0.8683279153003122,-0.050849975285773286
spectral_similarity,5,class817-sports_car-sample01-src00787,817,1,0.8601059505084467,0.8281761310764025,0.031929819432044204
spectral_similarity,5,class817-sports_car-sample02-src02853,817,2,0.8457726674872582,0.8723496618199764,-0.026576994332718207
spectral_similarity,5,class817-sports_car-sample03-src04513,817,3,0.867699153077361,0.8608975156127713,0.006801637464589727
spectral_similarity,5,class817-sports_car-sample04-src04549,817,4,0.8325964641186385,0.8020503098158441,0.030546154302794393
spectral_similarity,5,class980-volcano-sample00-src00002,980,0,0.8752864885182627,0.8783480996400428,-0.00306161112178005
spectral_similarity,5,class980-volcano-sample01-src00863,980,1,0.8315378111416647,0.8185405493781583,0.012997261763506351
spectral_similarity,5,class980-volcano-sample02-src01265,980,2,0.7910586232792879,0.8326001242133876,-0.041541500934099695
spectral_similarity,5,class980-volcano-sample03-src01422,980,3,0.8874621711798214,0.8650576114186901,0.022404559761131315
spectral_similarity,5,class980-volcano-sample04-src01813,980,4,0.8925461251801271,0.8708476814399019,0.021698443740225226
weighted_jaccard,10,class091-coucal-sample00-src00000,91,0,0.19497481912857212,0.08310082181628511,0.111873997312287
weighted_jaccard,10,class091-coucal-sample01-src00316,91,1,0.12008548245355372,0.09548269366486949,0.02460278878868423
weighted_jaccard,10,class091-coucal-sample02-src01583,91,2,0.13123755351016686,0.06439733497155428,0.06684021853861258
weighted_jaccard,10,class091-coucal-sample03-src01629,91,3,0.16565462308043558,0.06511256164130996,0.10054206143912561
weighted_jaccard,10,class091-coucal-sample04-src03448,91,4,0.19628099322376655,0.08181524311233859,0.11446575011142796
weighted_jaccard,10,class171-Italian_greyhound-sample00-src00001,171,0,0.12900698563144042,0.07470939909627063,0.05429758653516979
weighted_jaccard,10,class171-Italian_greyhound-sample01-src02164,171,1,0.16209497132747575,0.07309729195327226,0.08899767937420348
weighted_jaccard,10,class171-Italian_greyhound-sample02-src02599,171,2,0.18303994797152384,0.07139756625081486,0.11164238172070898
weighted_jaccard,10,class171-Italian_greyhound-sample03-src02775,171,3,0.1570574039140761,0.06536089918539331,0.09169650472868279
weighted_jaccard,10,class171-Italian_greyhound-sample04-src03793,171,4,0.13104315449126033,0.08267744176445473,0.04836571272680561
weighted_jaccard,10,class505-coffeepot-sample00-src00013,505,0,0.14890947029751006,0.08143949098845353,0.06746997930905653
weighted_jaccard,10,class505-coffeepot-sample01-src01487,505,1,0.14153778155533414,0.06692715447265618,0.07461062708267796
weighted_jaccard,10,class505-coffeepot-sample02-src02782,505,2,0.17027976400537487,0.09082234852040175,0.07945741548497312
weighted_jaccard,10,class505-coffeepot-sample03-src05563,505,3,0.1391678488772149,0.07312809815579761,0.06603975072141728
weighted_jaccard,10,class505-coffeepot-sample04-src05824,505,4,0.11371243225407626,0.07667773007554197,0.03703470217853429
weighted_jaccard,10,class817-sports_car-sample00-src00019,817,0,0.1493069469847574,0.05390796816243677,0.09539897882232064
weighted_jaccard,10,class817-sports_car-sample01-src00787,817,1,0.1264166754995884,0.09352588594492743,0.032890789554660974
weighted_jaccard,10,class817-sports_car-sample02-src02853,817,2,0.1455190640870173,0.05746788396696016,0.08805118012005715
weighted_jaccard,10,class817-sports_car-sample03-src04513,817,3,0.15328168066587522,0.0518376925789794,0.10144398808689582
weighted_jaccard,10,class817-sports_car-sample04-src04549,817,4,0.1396373863831779,0.07859689527007965,0.061040491113098255
weighted_jaccard,10,class980-volcano-sample00-src00002,980,0,0.14044937914031563,0.07431635660047435,0.06613302253984128
weighted_jaccard,10,class980-volcano-sample01-src00863,980,1,0.14793108562040327,0.07710840765101509,0.07082267796938818
weighted_jaccard,10,class980-volcano-sample02-src01265,980,2,0.1605510152770442,0.06423871956887599,0.09631229570816822
weighted_jaccard,10,class980-volcano-sample03-src01422,980,3,0.15206212813134876,0.08902030966870424,0.06304181846264452
weighted_jaccard,10,class980-volcano-sample04-src01813,980,4,0.1946022479358204,0.0694523116244822,0.1251499363113382
edge_cosine,10,class091-coucal-sample00-src00000,91,0,0.4795673992421807,0.171799303186498,0.3077680960556827
edge_cosine,10,class091-coucal-sample01-src00316,91,1,0.26698712758679366,0.2040966038994591,0.06289052368733455
edge_cosine,10,class091-coucal-sample02-src01583,91,2,0.32085641354490513,0.12226336776341037,0.19859304578149475
edge_cosine,10,class091-coucal-sample03-src01629,91,3,0.4185094241491978,0.12034876576729865,0.29816065838189915
edge_cosine,10,class091-coucal-sample04-src03448,91,4,0.48730069159312195,0.16794128113453427,0.3193594104585877
edge_cosine,10,class171-Italian_greyhound-sample00-src00001,171,0,0.30150509305103446,0.1670254912825355,0.13447960176849896
edge_cosine,10,class171-Italian_greyhound-sample01-src02164,171,1,0.3693360675524321,0.14644108283733454,0.22289498471509755
edge_cosine,10,class171-Italian_greyhound-sample02-src02599,171,2,0.4162588565065585,0.1436734261707996,0.2725854303357589
edge_cosine,10,class171-Italian_greyhound-sample03-src02775,171,3,0.35453639669775927,0.11801055790297992,0.23652583879477934
edge_cosine,10,class171-Italian_greyhound-sample04-src03793,171,4,0.3169408362792121,0.17642849329877067,0.14051234298044143
edge_cosine,10,class505-coffeepot-sample00-src00013,505,0,0.3521719602569402,0.14438594349126105,0.20778601676567915
edge_cosine,10,class505-coffeepot-sample01-src01487,505,1,0.30812857924103965,0.10198422088059404,0.2061443583604456
edge_cosine,10,class505-coffeepot-sample02-src02782,505,2,0.39534538832414456,0.17457023727923066,0.2207751510449139
edge_cosine,10,class505-coffeepot-sample03-src05563,505,3,0.30930710305658327,0.14388804157671717,0.1654190614798661
edge_cosine,10,class505-coffeepot-sample04-src05824,505,4,0.2263307834917638,0.1409971946258804,0.08533358886588341
edge_cosine,10,class817-sports_car-sample00-src00019,817,0,0.42325267337181793,0.06827965785598136,0.3549730155158366
edge_cosine,10,class817-sports_car-sample01-src00787,817,1,0.3503376252413816,0.18446515080408804,0.16587247443729358
edge_cosine,10,class817-sports_car-sample02-src02853,817,2,0.46287255927751125,0.05631962669791239,0.40655293257959885
edge_cosine,10,class817-sports_car-sample03-src04513,817,3,0.4267721143346704,0.06547401230788606,0.3612981020267843
edge_cosine,10,class817-sports_car-sample04-src04549,817,4,0.38603698580426704,0.1441978389554163,0.24183914684885074
edge_cosine,10,class980-volcano-sample00-src00002,980,0,0.2850226900639019,0.13671067308388712,0.14831201698001478
edge_cosine,10,class980-volcano-sample01-src00863,980,1,0.34194258704310393,0.18536163986757642,0.1565809471755275
edge_cosine,10,class980-volcano-sample02-src01265,980,2,0.3547867891344487,0.0893200037860524,0.2654667853483963
edge_cosine,10,class980-volcano-sample03-src01422,980,3,0.32231871881181895,0.2061000108121626,0.11621870799965636
edge_cosine,10,class980-volcano-sample04-src01813,980,4,0.4492230163958495,0.12778876023381827,0.32143425616203125
degree_strength_cosine,10,class091-coucal-sample00-src00000,91,0,0.7467157878499595,0.3319855575221383,0.4147302303278212
degree_strength_cosine,10,class091-coucal-sample01-src00316,91,1,0.5234503996848262,0.3863303509328888,0.1371200487519374
degree_strength_cosine,10,class091-coucal-sample02-src01583,91,2,0.6204766895612495,0.28645282118101195,0.3340238683802375
degree_strength_cosine,10,class091-coucal-sample03-src01629,91,3,0.6878234447522552,0.24734338812534956,0.44048005662690565
degree_strength_cosine,10,class091-coucal-sample04-src03448,91,4,0.7467782916471479,0.3044423372682371,0.4423359543789108
degree_strength_cosine,10,class171-Italian_greyhound-sample00-src00001,171,0,0.5021703043359295,0.323514459800414,0.17865584453551547
degree_strength_cosine,10,class171-Italian_greyhound-sample01-src02164,171,1,0.6048466171997051,0.29377951214764714,0.311067105052058
degree_strength_cosine,10,class171-Italian_greyhound-sample02-src02599,171,2,0.6544187218159947,0.2554767685073307,0.398941953308664
degree_strength_cosine,10,class171-Italian_greyhound-sample03-src02775,171,3,0.5910881801353091,0.2210968053152965,0.36999137482001254
degree_strength_cosine,10,class171-Italian_greyhound-sample04-src03793,171,4,0.5326730710075768,0.3451815670603196,0.18749150394725717
degree_strength_cosine,10,class505-coffeepot-sample00-src00013,505,0,0.5398811885151691,0.29269462669906054,0.24718656181610854
degree_strength_cosine,10,class505-coffeepot-sample01-src01487,505,1,0.4660524979501185,0.2385170252198036,0.22753547273031488
degree_strength_cosine,10,class505-coffeepot-sample02-src02782,505,2,0.5458231558263456,0.33935265701717193,0.20647049880917362
degree_strength_cosine,10,class505-coffeepot-sample03-src05563,505,3,0.4713317189938598,0.29085293493484266,0.18047878405901713
degree_strength_cosine,10,class505-coffeepot-sample04-src05824,505,4,0.3609936047784748,0.2598945683502428,0.10109903642823198
degree_strength_cosine,10,class817-sports_car-sample00-src00019,817,0,0.7683796797414674,0.16344846260235474,0.6049312171391126
degree_strength_cosine,10,class817-sports_car-sample01-src00787,817,1,0.6194393838544979,0.3522430047748138,0.26719637907968413
degree_strength_cosine,10,class817-sports_car-sample02-src02853,817,2,0.7638251502875864,0.1421787326544758,0.6216464176331106
degree_strength_cosine,10,class817-sports_car-sample03-src04513,817,3,0.7108145535392203,0.16445886349086986,0.5463556900483504
degree_strength_cosine,10,class817-sports_car-sample04-src04549,817,4,0.6585639588842125,0.3050434463256232,0.3535205125585893
degree_strength_cosine,10,class980-volcano-sample00-src00002,980,0,0.3962044987431226,0.26587618709416516,0.13032831164895742
degree_strength_cosine,10,class980-volcano-sample01-src00863,980,1,0.5143506096346834,0.3443777102541358,0.16997289938054755
degree_strength_cosine,10,class980-volcano-sample02-src01265,980,2,0.4596284122399221,0.19070185586333036,0.2689265563765918
degree_strength_cosine,10,class980-volcano-sample03-src01422,980,3,0.4731270357765987,0.39782209915988925,0.07530493661670945
degree_strength_cosine,10,class980-volcano-sample04-src01813,980,4,0.5963631597968071,0.28071398990831975,0.31564916988848735
spectral_similarity,10,class091-coucal-sample00-src00000,91,0,0.8970193024572503,0.834803192818789,0.06221610963846125
spectral_similarity,10,class091-coucal-sample01-src00316,91,1,0.8789609418145157,0.8183331792057592,0.060627762608756464
spectral_similarity,10,class091-coucal-sample02-src01583,91,2,0.8825375917476003,0.8530793989772336,0.029458192770366654
spectral_similarity,10,class091-coucal-sample03-src01629,91,3,0.8632463931410702,0.8570541609003277,0.006192232240742501
spectral_similarity,10,class091-coucal-sample04-src03448,91,4,0.893020472318825,0.8674097482307405,0.025610724088084513
spectral_similarity,10,class171-Italian_greyhound-sample00-src00001,171,0,0.9296635126255438,0.8038808015396215,0.12578271108592232
spectral_similarity,10,class171-Italian_greyhound-sample01-src02164,171,1,0.9242592073644377,0.8396978427361373,0.08456136462830033
spectral_similarity,10,class171-Italian_greyhound-sample02-src02599,171,2,0.9348823215139171,0.8168074564889727,0.11807486502494446
spectral_similarity,10,class171-Italian_greyhound-sample03-src02775,171,3,0.8654889178882201,0.8604894831790816,0.0049994347091385505
spectral_similarity,10,class171-Italian_greyhound-sample04-src03793,171,4,0.9090837375420269,0.7915938194157066,0.11748991812632026
spectral_similarity,10,class505-coffeepot-sample00-src00013,505,0,0.896243451909384,0.8648806761623012,0.031362775747082794
spectral_similarity,10,class505-coffeepot-sample01-src01487,505,1,0.8996142967880641,0.8276913372239308,0.0719229595641333
spectral_similarity,10,class505-coffeepot-sample02-src02782,505,2,0.9169090788479848,0.8652115927775744,0.05169748607041036
spectral_similarity,10,class505-coffeepot-sample03-src05563,505,3,0.9089616506751688,0.8689991784838634,0.03996247219130533
spectral_similarity,10,class505-coffeepot-sample04-src05824,505,4,0.8543452320635229,0.7857879680033674,0.0685572640601555
spectral_similarity,10,class817-sports_car-sample00-src00019,817,0,0.825004222333233,0.7827098270013404,0.04229439533189261
spectral_similarity,10,class817-sports_car-sample01-src00787,817,1,0.7638519846647686,0.8748476952287862,-0.11099571056401769
spectral_similarity,10,class817-sports_car-sample02-src02853,817,2,0.7432349775712861,0.6887683365314257,0.05446664103986043
spectral_similarity,10,class817-sports_car-sample03-src04513,817,3,0.8334477148637623,0.8295895212338931,0.0038581936298692776
spectral_similarity,10,class817-sports_car-sample04-src04549,817,4,0.8192315766850893,0.8643337519865234,-0.04510217530143412
spectral_similarity,10,class980-volcano-sample00-src00002,980,0,0.9080700376752351,0.8663274660588133,0.04174257161642181
spectral_similarity,10,class980-volcano-sample01-src00863,980,1,0.8602932201642557,0.8593416733727117,0.0009515467915439668
spectral_similarity,10,class980-volcano-sample02-src01265,980,2,0.8526229483556529,0.8328978201032253,0.01972512825242756
spectral_similarity,10,class980-volcano-sample03-src01422,980,3,0.9032193417676371,0.8637699382842297,0.03944940348340742
spectral_similarity,10,class980-volcano-sample04-src01813,980,4,0.9153886183159354,0.8679749990711821,0.04741361924475329
weighted_jaccard,15,class091-coucal-sample00-src00000,91,0,0.21255928628553358,0.08604963036592164,0.12650965591961194
weighted_jaccard,15,class091-coucal-sample01-src00316,91,1,0.14928795894569946,0.09029421534272689,0.058993743602972576
weighted_jaccard,15,class091-coucal-sample02-src01583,91,2,0.13540384182253024,0.06673458658826777,0.06866925523426247
weighted_jaccard,15,class091-coucal-sample03-src01629,91,3,0.1755864907923262,0.06746584167171092,0.10812064912061527
weighted_jaccard,15,class091-coucal-sample04-src03448,91,4,0.2115887687048849,0.08992750562081527,0.12166126308406965
weighted_jaccard,15,class171-Italian_greyhound-sample00-src00001,171,0,0.1505529206119597,0.07366760254256888,0.07688531806939083
weighted_jaccard,15,class171-Italian_greyhound-sample01-src02164,171,1,0.1908454858128146,0.07482243444022989,0.11602305137258472
weighted_jaccard,15,class171-Italian_greyhound-sample02-src02599,171,2,0.2155149725679802,0.07117600920163032,0.14433896336634988
weighted_jaccard,15,class171-Italian_greyhound-sample03-src02775,171,3,0.18191176205410767,0.06315250529433085,0.11875925675977682
weighted_jaccard,15,class171-Italian_greyhound-sample04-src03793,171,4,0.14371198610774266,0.0902254293652818,0.05348655674246086
weighted_jaccard,15,class505-coffeepot-sample00-src00013,505,0,0.14166633410748997,0.08163625568940111,0.060030078418088856
weighted_jaccard,15,class505-coffeepot-sample01-src01487,505,1,0.14065289148302268,0.07121682893928961,0.06943606254373307
weighted_jaccard,15,class505-coffeepot-sample02-src02782,505,2,0.15973090067768136,0.0842541448493133,0.07547675582836806
weighted_jaccard,15,class505-coffeepot-sample03-src05563,505,3,0.13852819443454298,0.07697868063258331,0.061549513801959665
weighted_jaccard,15,class505-coffeepot-sample04-src05824,505,4,0.11086973746321764,0.07659865935736446,0.034271078105853184
weighted_jaccard,15,class817-sports_car-sample00-src00019,817,0,0.1721142502482948,0.05402162981568485,0.11809262043260996
weighted_jaccard,15,class817-sports_car-sample01-src00787,817,1,0.13454207531123255,0.0911045160998042,0.04343755921142835
weighted_jaccard,15,class817-sports_car-sample02-src02853,817,2,0.15891606845419692,0.05209625589670761,0.10681981255748932
weighted_jaccard,15,class817-sports_car-sample03-src04513,817,3,0.17123022952324374,0.046001515401263494,0.12522871412198025
weighted_jaccard,15,class817-sports_car-sample04-src04549,817,4,0.14796142917318095,0.07164172301930838,0.07631970615387257
weighted_jaccard,15,class980-volcano-sample00-src00002,980,0,0.1297313110432927,0.07042800434098359,0.0593033067023091
weighted_jaccard,15,class980-volcano-sample01-src00863,980,1,0.13831158446178177,0.07602179807491864,0.062289786386863125
weighted_jaccard,15,class980-volcano-sample02-src01265,980,2,0.15992751185191695,0.06759090450901893,0.09233660734289802
weighted_jaccard,15,class980-volcano-sample03-src01422,980,3,0.13772934594601738,0.09387494063696199,0.04385440530905539
weighted_jaccard,15,class980-volcano-sample04-src01813,980,4,0.1810448679150984,0.06691036583456297,0.11413450208053544
edge_cosine,15,class091-coucal-sample00-src00000,91,0,0.5151398515237938,0.15266104580025322,0.36247880572354063
edge_cosine,15,class091-coucal-sample01-src00316,91,1,0.3804638240092083,0.14840930644385644,0.23205451756535186
edge_cosine,15,class091-coucal-sample02-src01583,91,2,0.31955408361101206,0.11682685039247924,0.2027272332185328
edge_cosine,15,class091-coucal-sample03-src01629,91,3,0.4175796729932838,0.11214261929715401,0.3054370536961298
edge_cosine,15,class091-coucal-sample04-src03448,91,4,0.522467474439849,0.16433992272453476,0.3581275517153142
edge_cosine,15,class171-Italian_greyhound-sample00-src00001,171,0,0.35952757748368935,0.13199593878022114,0.2275316387034682
edge_cosine,15,class171-Italian_greyhound-sample01-src02164,171,1,0.4591675170550272,0.11534715297684381,0.3438203640781834
edge_cosine,15,class171-Italian_greyhound-sample02-src02599,171,2,0.5172393419076213,0.1193213014501711,0.3979180404574502
edge_cosine,15,class171-Italian_greyhound-sample03-src02775,171,3,0.4408626942797272,0.09002008989288578,0.3508426043868414
edge_cosine,15,class171-Italian_greyhound-sample04-src03793,171,4,0.31098386752319873,0.1774897479772875,0.13349411954591123
edge_cosine,15,class505-coffeepot-sample00-src00013,505,0,0.3211995813131512,0.13664750656994745,0.18455207474320373
edge_cosine,15,class505-coffeepot-sample01-src01487,505,1,0.2958006868541757,0.09686697261280101,0.19893371424137468
edge_cosine,15,class505-coffeepot-sample02-src02782,505,2,0.3656624504043762,0.1406212710262665,0.22504117937810972
edge_cosine,15,class505-coffeepot-sample03-src05563,505,3,0.3091268823255638,0.13038387927369724,0.17874300305186655
edge_cosine,15,class505-coffeepot-sample04-src05824,505,4,0.19530756686418352,0.12188194573035041,0.07342562113383311
edge_cosine,15,class817-sports_car-sample00-src00019,817,0,0.44552448048979904,0.04906877099827693,0.3964557094915221
edge_cosine,15,class817-sports_car-sample01-src00787,817,1,0.34778623754260507,0.14277119205218877,0.2050150454904163
edge_cosine,15,class817-sports_car-sample02-src02853,817,2,0.4477350581375545,0.036851888358213694,0.4108831697793408
edge_cosine,15,class817-sports_car-sample03-src04513,817,3,0.43285578453911316,0.04531701487615863,0.38753876966295453
edge_cosine,15,class817-sports_car-sample04-src04549,817,4,0.40264196960226356,0.11133753607867969,0.29130443352358387
edge_cosine,15,class980-volcano-sample00-src00002,980,0,0.25571828176229716,0.12355669878209677,0.1321615829802004
edge_cosine,15,class980-volcano-sample01-src00863,980,1,0.3025519909393706,0.14855544645774255,0.15399654448162803
edge_cosine,15,class980-volcano-sample02-src01265,980,2,0.3313629815926038,0.07996353809288427,0.25139944349971954
edge_cosine,15,class980-volcano-sample03-src01422,980,3,0.26446750537875735,0.19859769455934395,0.0658698108194134
edge_cosine,15,class980-volcano-sample04-src01813,980,4,0.3930849127759894,0.10320629239595161,0.28987862038003775
degree_strength_cosine,15,class091-coucal-sample00-src00000,91,0,0.8015286264324549,0.29754481422639106,0.5039838122060638
degree_strength_cosine,15,class091-coucal-sample01-src00316,91,1,0.7227511070558306,0.3480001009282619,0.3747510061275687
degree_strength_cosine,15,class091-coucal-sample02-src01583,91,2,0.6668815808805884,0.30144032076577487,0.3654412601148135
degree_strength_cosine,15,class091-coucal-sample03-src01629,91,3,0.7552091981744185,0.2306589281639649,0.5245502700104535
degree_strength_cosine,15,class091-coucal-sample04-src03448,91,4,0.8089014896385438,0.30177864766503026,0.5071228419735135
degree_strength_cosine,15,class171-Italian_greyhound-sample00-src00001,171,0,0.6185902437557695,0.2798399509824041,0.33875029277336544
degree_strength_cosine,15,class171-Italian_greyhound-sample01-src02164,171,1,0.6963120430723859,0.2660176715650651,0.4302943715073208
degree_strength_cosine,15,class171-Italian_greyhound-sample02-src02599,171,2,0.7519392505674859,0.2522798145561933,0.4996594360112926
degree_strength_cosine,15,class171-Italian_greyhound-sample03-src02775,171,3,0.6928577388146896,0.20004236866668643,0.49281537014800314
degree_strength_cosine,15,class171-Italian_greyhound-sample04-src03793,171,4,0.5421146337680528,0.3805939396423326,0.16152069412572018
degree_strength_cosine,15,class505-coffeepot-sample00-src00013,505,0,0.5060285158875895,0.2811629608511808,0.22486555503640865
degree_strength_cosine,15,class505-coffeepot-sample01-src01487,505,1,0.43706252484262714,0.2217104272639181,0.21535209757870905
degree_strength_cosine,15,class505-coffeepot-sample02-src02782,505,2,0.5090566546487284,0.2919606542955223,0.2170960003532061
degree_strength_cosine,15,class505-coffeepot-sample03-src05563,505,3,0.46084269250934223,0.2869503826917644,0.1738923098175778
degree_strength_cosine,15,class505-coffeepot-sample04-src05824,505,4,0.29777061776749136,0.2653737198082908,0.03239689795920059
degree_strength_cosine,15,class817-sports_car-sample00-src00019,817,0,0.8722099235145866,0.13833308426510885,0.7338768392494778
degree_strength_cosine,15,class817-sports_car-sample01-src00787,817,1,0.7509382103737121,0.2991661730256042,0.4517720373481079
degree_strength_cosine,15,class817-sports_car-sample02-src02853,817,2,0.866841119993068,0.13380435096077156,0.7330367690322964
degree_strength_cosine,15,class817-sports_car-sample03-src04513,817,3,0.8404621217799676,0.12672448657681534,0.7137376352031523
degree_strength_cosine,15,class817-sports_car-sample04-src04549,817,4,0.8128165245297083,0.24887482292526597,0.5639417016044423
degree_strength_cosine,15,class980-volcano-sample00-src00002,980,0,0.3952630753928454,0.27047502975985205,0.12478804563299334
degree_strength_cosine,15,class980-volcano-sample01-src00863,980,1,0.4757278118188822,0.3203346981759547,0.15539311364292746
degree_strength_cosine,15,class980-volcano-sample02-src01265,980,2,0.4469109260639967,0.1763949221178604,0.2705160039461363
degree_strength_cosine,15,class980-volcano-sample03-src01422,980,3,0.4040478368161216,0.3927640273227776,0.01128380949334401
degree_strength_cosine,15,class980-volcano-sample04-src01813,980,4,0.52150078940918,0.2371198781424512,0.2843809112667288
spectral_similarity,15,class091-coucal-sample00-src00000,91,0,0.8691073958110945,0.8391232212073871,0.029984174603707392
spectral_similarity,15,class091-coucal-sample01-src00316,91,1,0.8565756351084399,0.870279766020807,-0.013704130912367107
spectral_similarity,15,class091-coucal-sample02-src01583,91,2,0.871933866003354,0.8551849122198796,0.016748953783474407
spectral_similarity,15,class091-coucal-sample03-src01629,91,3,0.8854108243080542,0.8534521151687293,0.03195870913932486
spectral_similarity,15,class091-coucal-sample04-src03448,91,4,0.9042157661801644,0.8692085936868308,0.03500717249333363
spectral_similarity,15,class171-Italian_greyhound-sample00-src00001,171,0,0.8624110237685485,0.8600609826150747,0.002350041153473814
spectral_similarity,15,class171-Italian_greyhound-sample01-src02164,171,1,0.8770901773873581,0.8846842573150125,-0.007594079927654485
spectral_similarity,15,class171-Italian_greyhound-sample02-src02599,171,2,0.8841398991082179,0.8866588260682956,-0.0025189269600777164
spectral_similarity,15,class171-Italian_greyhound-sample03-src02775,171,3,0.8239197759398821,0.8535545880063949,-0.02963481206651286
spectral_similarity,15,class171-Italian_greyhound-sample04-src03793,171,4,0.7873096876079152,0.7715088544671982,0.015800833140717008
spectral_similarity,15,class505-coffeepot-sample00-src00013,505,0,0.8929821308688721,0.8767028242476427,0.01627930662122945
spectral_similarity,15,class505-coffeepot-sample01-src01487,505,1,0.8874007333107584,0.870601493480905,0.01679923982985343
spectral_similarity,15,class505-coffeepot-sample02-src02782,505,2,0.9046922893611571,0.8816294496761831,0.023062839684974024
spectral_similarity,15,class505-coffeepot-sample03-src05563,505,3,0.880946703364565,0.8675672298334425,0.013379473531122565
spectral_similarity,15,class505-coffeepot-sample04-src05824,505,4,0.8147925349761528,0.8117905494071869,0.0030019855689659147
spectral_similarity,15,class817-sports_car-sample00-src00019,817,0,0.8176824389691569,0.7307029960520274,0.08697944291712956
spectral_similarity,15,class817-sports_car-sample01-src00787,817,1,0.7686401159013335,0.90381029700919,-0.1351701811078565
spectral_similarity,15,class817-sports_car-sample02-src02853,817,2,0.7182221063003441,0.6373903501994501,0.08083175610089399
spectral_similarity,15,class817-sports_car-sample03-src04513,817,3,0.8242226264016608,0.7572335227229636,0.06698910367869715
spectral_similarity,15,class817-sports_car-sample04-src04549,817,4,0.8020363859631913,0.8735114609557055,-0.07147507499251426
spectral_similarity,15,class980-volcano-sample00-src00002,980,0,0.9011874522313117,0.8799415097193682,0.02124594251194345
spectral_similarity,15,class980-volcano-sample01-src00863,980,1,0.8769630681782006,0.8293399856575915,0.047623082520609095
spectral_similarity,15,class980-volcano-sample02-src01265,980,2,0.8379184536509046,0.8638397881142982,-0.02592133446339362
spectral_similarity,15,class980-volcano-sample03-src01422,980,3,0.8877532265904485,0.846223223208483,0.04153000338196555
spectral_similarity,15,class980-volcano-sample04-src01813,980,4,0.9102952877387183,0.876651798955832,0.033643488782886255
weighted_jaccard,20,class091-coucal-sample00-src00000,91,0,0.2870532215916537,0.14501430378826843,0.14203891780338526
weighted_jaccard,20,class091-coucal-sample01-src00316,91,1,0.23125892776731982,0.14741140195072985,0.08384752581658997
weighted_jaccard,20,class091-coucal-sample02-src01583,91,2,0.18623616754262004,0.11346475664812405,0.07277141089449599
weighted_jaccard,20,class091-coucal-sample03-src01629,91,3,0.23855871673025997,0.11772695286286135,0.12083176386739862
weighted_jaccard,20,class091-coucal-sample04-src03448,91,4,0.28752815582973673,0.1463556025113602,0.14117255331837653
weighted_jaccard,20,class171-Italian_greyhound-sample00-src00001,171,0,0.22100804953964892,0.1280969083922782,0.09291114114737073
weighted_jaccard,20,class171-Italian_greyhound-sample01-src02164,171,1,0.24815651794290197,0.11731119224095185,0.13084532570195012
weighted_jaccard,20,class171-Italian_greyhound-sample02-src02599,171,2,0.2782853500640491,0.11491276483763926,0.16337258522640982
weighted_jaccard,20,class171-Italian_greyhound-sample03-src02775,171,3,0.24842893106067698,0.11406280236725977,0.13436612869341721
weighted_jaccard,20,class171-Italian_greyhound-sample04-src03793,171,4,0.2023460372039536,0.14637381507866853,0.055972222125285076
weighted_jaccard,20,class505-coffeepot-sample00-src00013,505,0,0.21149116523751027,0.14246480884812643,0.06902635638938384
weighted_jaccard,20,class505-coffeepot-sample01-src01487,505,1,0.2129709987853964,0.12583870209051184,0.08713229669488456
weighted_jaccard,20,class505-coffeepot-sample02-src02782,505,2,0.23352891574039916,0.14113046835657833,0.09239844738382083
weighted_jaccard,20,class505-coffeepot-sample03-src05563,505,3,0.20316322958527266,0.1298780678595789,0.07328516172569377
weighted_jaccard,20,class505-coffeepot-sample04-src05824,505,4,0.18917944680425602,0.13275703777172082,0.0564224090325352
weighted_jaccard,20,class817-sports_car-sample00-src00019,817,0,0.1986007272319972,0.0815831328431294,0.1170175943888678
weighted_jaccard,20,class817-sports_car-sample01-src00787,817,1,0.16683929735985548,0.1407068899815803,0.026132407378275185
weighted_jaccard,20,class817-sports_car-sample02-src02853,817,2,0.19223883215806517,0.08730195158359329,0.10493688057447188
weighted_jaccard,20,class817-sports_car-sample03-src04513,817,3,0.17856461525990183,0.05683833583083124,0.12172627942907059
weighted_jaccard,20,class817-sports_car-sample04-src04549,817,4,0.18574269343029007,0.12246269474132591,0.06327999868896415
weighted_jaccard,20,class980-volcano-sample00-src00002,980,0,0.21240005281196106,0.12899186204743496,0.0834081907645261
weighted_jaccard,20,class980-volcano-sample01-src00863,980,1,0.23401695036077813,0.13900873487303406,0.09500821548774407
weighted_jaccard,20,class980-volcano-sample02-src01265,980,2,0.24037035474046037,0.13256541507346667,0.1078049396669937
weighted_jaccard,20,class980-volcano-sample03-src01422,980,3,0.22724427054018614,0.1489629578670963,0.07828131267308985
weighted_jaccard,20,class980-volcano-sample04-src01813,980,4,0.25300227916063495,0.12662121217556793,0.12638106698506701
edge_cosine,20,class091-coucal-sample00-src00000,91,0,0.6630159727100156,0.3530821176816336,0.30993385502838194
edge_cosine,20,class091-coucal-sample01-src00316,91,1,0.5888486945910567,0.32471154429962973,0.264137150291427
edge_cosine,20,class091-coucal-sample02-src01583,91,2,0.4154951264122169,0.25243054427822453,0.1630645821339924
edge_cosine,20,class091-coucal-sample03-src01629,91,3,0.581605797754364,0.25812278811017186,0.3234830096441922
edge_cosine,20,class091-coucal-sample04-src03448,91,4,0.6571869456781819,0.3308042566640593,0.3263826890141226
edge_cosine,20,class171-Italian_greyhound-sample00-src00001,171,0,0.5307737971465941,0.27248542077375426,0.25828837637283986
edge_cosine,20,class171-Italian_greyhound-sample01-src02164,171,1,0.5698885741740272,0.21311370449636918,0.356774869677658
edge_cosine,20,class171-Italian_greyhound-sample02-src02599,171,2,0.6452989478879579,0.21878680883944396,0.426512139048514
edge_cosine,20,class171-Italian_greyhound-sample03-src02775,171,3,0.6114275547299554,0.22109529289092705,0.3903322618390283
edge_cosine,20,class171-Italian_greyhound-sample04-src03793,171,4,0.44150595295964745,0.3810981104442501,0.060407842515397325
edge_cosine,20,class505-coffeepot-sample00-src00013,505,0,0.5236700981980087,0.3462486088787278,0.17742148931928087
edge_cosine,20,class505-coffeepot-sample01-src01487,505,1,0.5113164529906399,0.2878340109413763,0.2234824420492636
edge_cosine,20,class505-coffeepot-sample02-src02782,505,2,0.5617664244917777,0.3208895072510007,0.24087691724077703
edge_cosine,20,class505-coffeepot-sample03-src05563,505,3,0.4951192445237372,0.30383034137198905,0.19128890315174812
edge_cosine,20,class505-coffeepot-sample04-src05824,505,4,0.43878339395820914,0.29576082702036516,0.143022566937844
edge_cosine,20,class817-sports_car-sample00-src00019,817,0,0.46540289309245436,0.12440386573081233,0.340999027361642
edge_cosine,20,class817-sports_car-sample01-src00787,817,1,0.35622559260514847,0.3011439829861696,0.055081609618978844
edge_cosine,20,class817-sports_car-sample02-src02853,817,2,0.43141776825594313,0.0985980140312977,0.33281975422464544
edge_cosine,20,class817-sports_car-sample03-src04513,817,3,0.4015495490511981,0.08360638566312063,0.3179431633880775
edge_cosine,20,class817-sports_car-sample04-src04549,817,4,0.4109113041836794,0.28099822417851095,0.12991308000516844
edge_cosine,20,class980-volcano-sample00-src00002,980,0,0.5512299099954155,0.3195691724487326,0.23166073754668293
edge_cosine,20,class980-volcano-sample01-src00863,980,1,0.6169427436909907,0.3551578746683597,0.261784869022631
edge_cosine,20,class980-volcano-sample02-src01265,980,2,0.5950837101866935,0.3055290490863781,0.28955466110031536
edge_cosine,20,class980-volcano-sample03-src01422,980,3,0.5905227737040366,0.38343292004318763,0.20708985366084898
edge_cosine,20,class980-volcano-sample04-src01813,980,4,0.6407278401431702,0.32846298431122134,0.31226485583194885
degree_strength_cosine,20,class091-coucal-sample00-src00000,91,0,0.8584029969372635,0.42321483484250794,0.4351881620947556
degree_strength_cosine,20,class091-coucal-sample01-src00316,91,1,0.8383846632439911,0.45598070675691227,0.3824039564870788
degree_strength_cosine,20,class091-coucal-sample02-src01583,91,2,0.6994699364991919,0.4334900847912383,0.2659798517079536
degree_strength_cosine,20,class091-coucal-sample03-src01629,91,3,0.8209777768135927,0.33867572212137853,0.4823020546922142
degree_strength_cosine,20,class091-coucal-sample04-src03448,91,4,0.8633760955247077,0.4229295457036927,0.44044654982101505
degree_strength_cosine,20,class171-Italian_greyhound-sample00-src00001,171,0,0.7143094744771898,0.4028047854514731,0.31150468902571676
degree_strength_cosine,20,class171-Italian_greyhound-sample01-src02164,171,1,0.7447487320740491,0.3262271258809828,0.41852160619306633
degree_strength_cosine,20,class171-Italian_greyhound-sample02-src02599,171,2,0.7999360106413635,0.3105233516363986,0.48941265900496495
degree_strength_cosine,20,class171-Italian_greyhound-sample03-src02775,171,3,0.7745147423312151,0.289406245155841,0.4851084971753741
degree_strength_cosine,20,class171-Italian_greyhound-sample04-src03793,171,4,0.629865625993917,0.5318769442640864,0.09798868172983066
degree_strength_cosine,20,class505-coffeepot-sample00-src00013,505,0,0.6547876421263441,0.46208364993977113,0.19270399218657297
degree_strength_cosine,20,class505-coffeepot-sample01-src01487,505,1,0.6287044171941022,0.39346625529317053,0.23523816190093166
degree_strength_cosine,20,class505-coffeepot-sample02-src02782,505,2,0.6550341138576169,0.4175503044352501,0.2374838094223668
degree_strength_cosine,20,class505-coffeepot-sample03-src05563,505,3,0.6334149810614839,0.43234598651910944,0.20106899454237442
degree_strength_cosine,20,class505-coffeepot-sample04-src05824,505,4,0.5037935530879477,0.40605076038005683,0.09774279270789088
degree_strength_cosine,20,class817-sports_car-sample00-src00019,817,0,0.8914146678968459,0.20561461370408182,0.685800054192764
degree_strength_cosine,20,class817-sports_car-sample01-src00787,817,1,0.8156100271957527,0.3866682491867038,0.4289417780090489
degree_strength_cosine,20,class817-sports_car-sample02-src02853,817,2,0.8839215732108905,0.1865588238754164,0.6973627493354742
degree_strength_cosine,20,class817-sports_car-sample03-src04513,817,3,0.8643437868506451,0.14603341261486416,0.7183103742357809
degree_strength_cosine,20,class817-sports_car-sample04-src04549,817,4,0.8346467069533775,0.3572473671507954,0.4773993398025821
degree_strength_cosine,20,class980-volcano-sample00-src00002,980,0,0.6240150220216416,0.4181996851960216,0.20581533682562003
degree_strength_cosine,20,class980-volcano-sample01-src00863,980,1,0.6891346301117023,0.46840879165387606,0.22072583845782623
degree_strength_cosine,20,class980-volcano-sample02-src01265,980,2,0.6410722673612681,0.37492183544332436,0.26615043191794374
degree_strength_cosine,20,class980-volcano-sample03-src01422,980,3,0.6398465039247189,0.5277190148767767,0.11212748904794212
degree_strength_cosine,20,class980-volcano-sample04-src01813,980,4,0.6955323801240955,0.4158032401190558,0.2797291400050397
spectral_similarity,20,class091-coucal-sample00-src00000,91,0,0.9424590511742621,0.8687161748894008,0.07374287628486131
spectral_similarity,20,class091-coucal-sample01-src00316,91,1,0.9241886686434768,0.8545448073982704,0.06964386124520638
spectral_similarity,20,class091-coucal-sample02-src01583,91,2,0.9169490225243435,0.8649206513493963,0.052028371174947186
spectral_similarity,20,class091-coucal-sample03-src01629,91,3,0.9210799820691269,0.8713305815541326,0.049749400514994324
spectral_similarity,20,class091-coucal-sample04-src03448,91,4,0.93968226456474,0.8812552468694183,0.05842701769532177
spectral_similarity,20,class171-Italian_greyhound-sample00-src00001,171,0,0.848532860001159,0.8914041195417186,-0.04287125954055959
spectral_similarity,20,class171-Italian_greyhound-sample01-src02164,171,1,0.8593563111551052,0.8618766987876162,-0.0025203876325109453
spectral_similarity,20,class171-Italian_greyhound-sample02-src02599,171,2,0.8702280204880968,0.8712869271575562,-0.001058906669459403
spectral_similarity,20,class171-Italian_greyhound-sample03-src02775,171,3,0.8366957363726442,0.8285976545906955,0.008098081781948707
spectral_similarity,20,class171-Italian_greyhound-sample04-src03793,171,4,0.7722812327951807,0.8075018455091154,-0.03522061271393473
spectral_similarity,20,class505-coffeepot-sample00-src00013,505,0,0.9054064751976212,0.8821096005430313,0.02329687465458985
spectral_similarity,20,class505-coffeepot-sample01-src01487,505,1,0.9238598964526668,0.8839997849886355,0.039860111464031234
spectral_similarity,20,class505-coffeepot-sample02-src02782,505,2,0.9143613072643217,0.8558659813755085,0.05849532588881323
spectral_similarity,20,class505-coffeepot-sample03-src05563,505,3,0.9162266565607069,0.857384472121554,0.0588421844391529
spectral_similarity,20,class505-coffeepot-sample04-src05824,505,4,0.8853474334187701,0.8773951958085803,0.007952237610189816
spectral_similarity,20,class817-sports_car-sample00-src00019,817,0,0.8144221643842924,0.7974120846442045,0.017010079740087836
spectral_similarity,20,class817-sports_car-sample01-src00787,817,1,0.7774438474504832,0.8714396121284718,-0.09399576467798854
spectral_similarity,20,class817-sports_car-sample02-src02853,817,2,0.7239174973685737,0.689740037036881,0.034177460331692666
spectral_similarity,20,class817-sports_car-sample03-src04513,817,3,0.8179099753551939,0.8104244492309244,0.007485526124269559
spectral_similarity,20,class817-sports_car-sample04-src04549,817,4,0.7879102795013742,0.8663801411112877,-0.07846986160991354
spectral_similarity,20,class980-volcano-sample00-src00002,980,0,0.9512047361171672,0.8752351385660294,0.07596959755113775
spectral_similarity,20,class980-volcano-sample01-src00863,980,1,0.92988353333738,0.8533540406511086,0.0765294926862714
spectral_similarity,20,class980-volcano-sample02-src01265,980,2,0.9403136186773284,0.8828531963083985,0.0574604223689299
spectral_similarity,20,class980-volcano-sample03-src01422,980,3,0.9141105270077972,0.8745982318800953,0.039512295127701824
spectral_similarity,20,class980-volcano-sample04-src01813,980,4,0.9418108137537442,0.8690407338030456,0.07277007995069862
weighted_jaccard,30,class091-coucal-sample00-src00000,91,0,0.3420224943445497,0.1958652401769772,0.14615725416757247
weighted_jaccard,30,class091-coucal-sample01-src00316,91,1,0.2778666123195813,0.18756018129319557,0.09030643102638575
weighted_jaccard,30,class091-coucal-sample02-src01583,91,2,0.23525500664386928,0.1541788248601045,0.08107618178376477
weighted_jaccard,30,class091-coucal-sample03-src01629,91,3,0.29978611850806763,0.17323684771692474,0.1265492707911429
weighted_jaccard,30,class091-coucal-sample04-src03448,91,4,0.3509542446257368,0.19903098797752736,0.15192325664820946
weighted_jaccard,30,class171-Italian_greyhound-sample00-src00001,171,0,0.2697751160888476,0.16431080064184428,0.1054643154470033
weighted_jaccard,30,class171-Italian_greyhound-sample01-src02164,171,1,0.2967423134856227,0.1605718719381954,0.1361704415474273
weighted_jaccard,30,class171-Italian_greyhound-sample02-src02599,171,2,0.3261329937373028,0.16260799630550843,0.16352499743179438
weighted_jaccard,30,class171-Italian_greyhound-sample03-src02775,171,3,0.2956805495535631,0.15051107034758093,0.14516947920598217
weighted_jaccard,30,class171-Italian_greyhound-sample04-src03793,171,4,0.23942532087181273,0.18238862069484413,0.0570367001769686
weighted_jaccard,30,class505-coffeepot-sample00-src00013,505,0,0.2571416534150946,0.18200458231714017,0.07513707109795442
weighted_jaccard,30,class505-coffeepot-sample01-src01487,505,1,0.24082052664263165,0.15988599325257846,0.08093453339005319
weighted_jaccard,30,class505-coffeepot-sample02-src02782,505,2,0.2650141900925159,0.18132591787845848,0.08368827221405745
weighted_jaccard,30,class505-coffeepot-sample03-src05563,505,3,0.23671492997476956,0.16921731582576666,0.0674976141490029
weighted_jaccard,30,class505-coffeepot-sample04-src05824,505,4,0.2309272414611696,0.17593652758857586,0.054990713872593744
weighted_jaccard,30,class817-sports_car-sample00-src00019,817,0,0.23269279663712517,0.12300387072665189,0.10968892591047327
weighted_jaccard,30,class817-sports_car-sample01-src00787,817,1,0.19615163644135758,0.16898495384110956,0.027166682600248016
weighted_jaccard,30,class817-sports_car-sample02-src02853,817,2,0.23543329894074522,0.11850518884733849,0.11692811009340673
weighted_jaccard,30,class817-sports_car-sample03-src04513,817,3,0.22668793009737315,0.10144292594082709,0.12524500415654605
weighted_jaccard,30,class817-sports_car-sample04-src04549,817,4,0.2264750249302678,0.16172739925720148,0.06474762567306633
weighted_jaccard,30,class980-volcano-sample00-src00002,980,0,0.28293369758974046,0.1739760305699861,0.10895766701975437
weighted_jaccard,30,class980-volcano-sample01-src00863,980,1,0.2997643712392636,0.18776644180265117,0.11199792943661241
weighted_jaccard,30,class980-volcano-sample02-src01265,980,2,0.30394189714560566,0.17152174652128963,0.13242015062431603
weighted_jaccard,30,class980-volcano-sample03-src01422,980,3,0.27769514599041956,0.18713085531182885,0.0905642906785907
weighted_jaccard,30,class980-volcano-sample04-src01813,980,4,0.32116357531249995,0.16829746978254168,0.15286610552995827
edge_cosine,30,class091-coucal-sample00-src00000,91,0,0.6826674527456764,0.4029221520834049,0.2797453006622715
edge_cosine,30,class091-coucal-sample01-src00316,91,1,0.5827807713314669,0.3562603505997106,0.22652042073175627
edge_cosine,30,class091-coucal-sample02-src01583,91,2,0.4963530860283064,0.3356712422343995,0.16068184379390693
edge_cosine,30,class091-coucal-sample03-src01629,91,3,0.6368204291568212,0.36997752853676713,0.2668429006200541
edge_cosine,30,class091-coucal-sample04-src03448,91,4,0.701949679212863,0.4133599760042682,0.2885897032085948
edge_cosine,30,class171-Italian_greyhound-sample00-src00001,171,0,0.6159117471436875,0.33755189582180056,0.2783598513218869
edge_cosine,30,class171-Italian_greyhound-sample01-src02164,171,1,0.6358260602523179,0.2890027533752103,0.3468233068771076
edge_cosine,30,class171-Italian_greyhound-sample02-src02599,171,2,0.6871804514526912,0.2847600713988412,0.40242038005385006
edge_cosine,30,class171-Italian_greyhound-sample03-src02775,171,3,0.6474849153927661,0.2471433444596725,0.4003415709330936
edge_cosine,30,class171-Italian_greyhound-sample04-src03793,171,4,0.4764914144038034,0.4098575845175432,0.06663382988626015
edge_cosine,30,class505-coffeepot-sample00-src00013,505,0,0.5813548821217647,0.3807731340543673,0.20058174806739737
edge_cosine,30,class505-coffeepot-sample01-src01487,505,1,0.5323944318959827,0.3217825726647737,0.21061185923120895
edge_cosine,30,class505-coffeepot-sample02-src02782,505,2,0.5803761745744079,0.38140698723270217,0.19896918734170577
edge_cosine,30,class505-coffeepot-sample03-src05563,505,3,0.509111212239922,0.3453715246137488,0.16373968762617314
edge_cosine,30,class505-coffeepot-sample04-src05824,505,4,0.5078964738889573,0.3637544924327353,0.14414198145622203
edge_cosine,30,class817-sports_car-sample00-src00019,817,0,0.5277907526428463,0.17930464394358778,0.34848610869925845
edge_cosine,30,class817-sports_car-sample01-src00787,817,1,0.41138991857990026,0.3347175677304975,0.07667235084940277
edge_cosine,30,class817-sports_car-sample02-src02853,817,2,0.5036295470231971,0.1229363043296257,0.38069324269357135
edge_cosine,30,class817-sports_car-sample03-src04513,817,3,0.537039970308502,0.17275344817817467,0.36428652213032736
edge_cosine,30,class817-sports_car-sample04-src04549,817,4,0.4603714603292738,0.31776879825739296,0.14260266207188083
edge_cosine,30,class980-volcano-sample00-src00002,980,0,0.6636192426677926,0.39590471236500524,0.26771453030278736
edge_cosine,30,class980-volcano-sample01-src00863,980,1,0.6697535945044852,0.4156795045334106,0.2540740899710746
edge_cosine,30,class980-volcano-sample02-src01265,980,2,0.6450603458950358,0.31721629369256366,0.32784405220247215
edge_cosine,30,class980-volcano-sample03-src01422,980,3,0.6204113034704102,0.426574660569805,0.1938366429006052
edge_cosine,30,class980-volcano-sample04-src01813,980,4,0.7083936677554921,0.3558312872902677,0.35256238046522437
degree_strength_cosine,30,class091-coucal-sample00-src00000,91,0,0.8801582676076039,0.5173186166282657,0.3628396509793381
degree_strength_cosine,30,class091-coucal-sample01-src00316,91,1,0.8389330678045435,0.5187554118774387,0.3201776559271048
degree_strength_cosine,30,class091-coucal-sample02-src01583,91,2,0.7137552757276582,0.5270123858556524,0.18674288987200582
degree_strength_cosine,30,class091-coucal-sample03-src01629,91,3,0.8522434110064627,0.4730793049187688,0.3791641060876939
degree_strength_cosine,30,class091-coucal-sample04-src03448,91,4,0.8813836797456646,0.543868128192509,0.3375155515531556
degree_strength_cosine,30,class171-Italian_greyhound-sample00-src00001,171,0,0.7642619211523138,0.4801725703204275,0.28408935083188636
degree_strength_cosine,30,class171-Italian_greyhound-sample01-src02164,171,1,0.7948032696072194,0.4252735334791642,0.3695297361280552
degree_strength_cosine,30,class171-Italian_greyhound-sample02-src02599,171,2,0.8201766729108113,0.41300883279957556,0.40716784011123575
degree_strength_cosine,30,class171-Italian_greyhound-sample03-src02775,171,3,0.8143462334652163,0.3789572296321817,0.4353890038330346
degree_strength_cosine,30,class171-Italian_greyhound-sample04-src03793,171,4,0.6898892248130091,0.6002623584843583,0.0896268663286508
degree_strength_cosine,30,class505-coffeepot-sample00-src00013,505,0,0.7262404124784922,0.5326384886409727,0.1936019238375195
degree_strength_cosine,30,class505-coffeepot-sample01-src01487,505,1,0.656477073956535,0.43584160164031777,0.22063547231621722
degree_strength_cosine,30,class505-coffeepot-sample02-src02782,505,2,0.7059719490682235,0.4989582620039846,0.2070136870642389
degree_strength_cosine,30,class505-coffeepot-sample03-src05563,505,3,0.6722967499724969,0.5087968640215903,0.1634998859509066
degree_strength_cosine,30,class505-coffeepot-sample04-src05824,505,4,0.5908940482750258,0.49855591296894897,0.09233813530607682
degree_strength_cosine,30,class817-sports_car-sample00-src00019,817,0,0.9085262266880759,0.32348356556642466,0.5850426611216513
degree_strength_cosine,30,class817-sports_car-sample01-src00787,817,1,0.8616625878768189,0.4496858095869257,0.4119767782898932
degree_strength_cosine,30,class817-sports_car-sample02-src02853,817,2,0.8988732169700129,0.2510004287688239,0.647872788201189
degree_strength_cosine,30,class817-sports_car-sample03-src04513,817,3,0.901585367631195,0.23427130956733028,0.6673140580638648
degree_strength_cosine,30,class817-sports_car-sample04-src04549,817,4,0.8770361905625279,0.44024394154138846,0.43679224902113944
degree_strength_cosine,30,class980-volcano-sample00-src00002,980,0,0.7513949476329115,0.5301403330448089,0.22125461458810258
degree_strength_cosine,30,class980-volcano-sample01-src00863,980,1,0.771480975718895,0.5694533371719708,0.20202763854692418
degree_strength_cosine,30,class980-volcano-sample02-src01265,980,2,0.735599882060339,0.445256476523037,0.290343405537302
degree_strength_cosine,30,class980-volcano-sample03-src01422,980,3,0.7081858782145162,0.5855576697481528,0.12262820846636335
degree_strength_cosine,30,class980-volcano-sample04-src01813,980,4,0.7835022001876656,0.4867132362108061,0.2967889639768595
spectral_similarity,30,class091-coucal-sample00-src00000,91,0,0.9426216026312876,0.8698207317024101,0.07280087092887744
spectral_similarity,30,class091-coucal-sample01-src00316,91,1,0.9383778505060095,0.8704538295189478,0.06792402098706174
spectral_similarity,30,class091-coucal-sample02-src01583,91,2,0.8819419052240505,0.8463831015229808,0.035558803701069674
spectral_similarity,30,class091-coucal-sample03-src01629,91,3,0.9304997959382988,0.8726468756176505,0.05785292032064826
spectral_similarity,30,class091-coucal-sample04-src03448,91,4,0.925769101758616,0.8636709004146239,0.06209820134399213
spectral_similarity,30,class171-Italian_greyhound-sample00-src00001,171,0,0.8503115307985718,0.8898505077956275,-0.039538976997055664
spectral_similarity,30,class171-Italian_greyhound-sample01-src02164,171,1,0.8707768647527503,0.857487784897282,0.013289079855468344
spectral_similarity,30,class171-Italian_greyhound-sample02-src02599,171,2,0.8622186034354272,0.8229972326328705,0.03922137080255672
spectral_similarity,30,class171-Italian_greyhound-sample03-src02775,171,3,0.8352951772832917,0.7982131703432841,0.03708200694000763
spectral_similarity,30,class171-Italian_greyhound-sample04-src03793,171,4,0.7957050999634565,0.8571357893590476,-0.06143068939559104
spectral_similarity,30,class505-coffeepot-sample00-src00013,505,0,0.9020941130713689,0.869225688235528,0.03286842483584085
spectral_similarity,30,class505-coffeepot-sample01-src01487,505,1,0.8813701566495784,0.8804118026654415,0.000958353984136906
spectral_similarity,30,class505-coffeepot-sample02-src02782,505,2,0.9187831542539884,0.8271695696251766,0.09161358462881175
spectral_similarity,30,class505-coffeepot-sample03-src05563,505,3,0.8781915224571549,0.7829144187820617,0.09527710367509323
spectral_similarity,30,class505-coffeepot-sample04-src05824,505,4,0.9132989308890441,0.8303587512001753,0.0829401796888688
spectral_similarity,30,class817-sports_car-sample00-src00019,817,0,0.7877786569597544,0.7496495968387588,0.038129060120995595
spectral_similarity,30,class817-sports_car-sample01-src00787,817,1,0.7400996548151941,0.8567300347940522,-0.11663037997885806
spectral_similarity,30,class817-sports_car-sample02-src02853,817,2,0.7326336178372431,0.6791778290099537,0.05345578882728941
spectral_similarity,30,class817-sports_car-sample03-src04513,817,3,0.7927701270442337,0.7927711911453394,-1.0641011057854755e-06
spectral_similarity,30,class817-sports_car-sample04-src04549,817,4,0.7625197627624204,0.873697726672189,-0.11117796390976864
spectral_similarity,30,class980-volcano-sample00-src00002,980,0,0.916119568332758,0.8653180081753215,0.05080156015743653
spectral_similarity,30,class980-volcano-sample01-src00863,980,1,0.8948855971715655,0.8753825261761248,0.019503070995440686
spectral_similarity,30,class980-volcano-sample02-src01265,980,2,0.9154356822326748,0.8644493353875772,0.05098634684509762
spectral_similarity,30,class980-volcano-sample03-src01422,980,3,0.870256735437208,0.8604423004189776,0.009814435018230427
spectral_similarity,30,class980-volcano-sample04-src01813,980,4,0.8852526419578125,0.8490324823014392,0.03622015965637326
weighted_jaccard,40,class091-coucal-sample00-src00000,91,0,0.35142994822355905,0.20953285114108997,0.1418970970824691
weighted_jaccard,40,class091-coucal-sample01-src00316,91,1,0.3020909358594498,0.21285525632248156,0.08923567953696823
weighted_jaccard,40,class091-coucal-sample02-src01583,91,2,0.2595755589193392,0.18045343795021557,0.07912212096912363
weighted_jaccard,40,class091-coucal-sample03-src01629,91,3,0.3147121265913164,0.19235920748043156,0.12235291911088486
weighted_jaccard,40,class091-coucal-sample04-src03448,91,4,0.36344488014707843,0.21762891528335565,0.14581596486372278
weighted_jaccard,40,class171-Italian_greyhound-sample00-src00001,171,0,0.28460072704569195,0.18707561128492267,0.09752511576076928
weighted_jaccard,40,class171-Italian_greyhound-sample01-src02164,171,1,0.30258570657580514,0.18327779541700914,0.11930791115879599
weighted_jaccard,40,class171-Italian_greyhound-sample02-src02599,171,2,0.33605847961330354,0.18041535464033642,0.15564312497296712
weighted_jaccard,40,class171-Italian_greyhound-sample03-src02775,171,3,0.307294644869335,0.16978413594078792,0.13751050892854708
weighted_jaccard,40,class171-Italian_greyhound-sample04-src03793,171,4,0.2527567358185344,0.20266012665977612,0.0500966091587583
weighted_jaccard,40,class505-coffeepot-sample00-src00013,505,0,0.2722541386660977,0.20368172356838551,0.0685724150977122
weighted_jaccard,40,class505-coffeepot-sample01-src01487,505,1,0.2616684274278481,0.1857884136572999,0.07588001377054823
weighted_jaccard,40,class505-coffeepot-sample02-src02782,505,2,0.2799689098637208,0.20838381110147708,0.07158509876224373
weighted_jaccard,40,class505-coffeepot-sample03-src05563,505,3,0.2543835369649773,0.18987425372642405,0.06450928323855323
weighted_jaccard,40,class505-coffeepot-sample04-src05824,505,4,0.2481903037893634,0.19605265228699034,0.05213765150237307
weighted_jaccard,40,class817-sports_car-sample00-src00019,817,0,0.2526368549554917,0.14186336130121896,0.11077349365427275
weighted_jaccard,40,class817-sports_car-sample01-src00787,817,1,0.21127799389874796,0.1918774521356712,0.019400541763076762
weighted_jaccard,40,class817-sports_car-sample02-src02853,817,2,0.2597506255925111,0.14100519736965278,0.11874542822285833
weighted_jaccard,40,class817-sports_car-sample03-src04513,817,3,0.25116085547305206,0.12353889502714428,0.1276219604459078
weighted_jaccard,40,class817-sports_car-sample04-src04549,817,4,0.24768630921913257,0.1912098102200586,0.056476498999073976
weighted_jaccard,40,class980-volcano-sample00-src00002,980,0,0.30556309909691187,0.19482282723247948,0.11074027186443239
weighted_jaccard,40,class980-volcano-sample01-src00863,980,1,0.3257395155297617,0.20444151065140428,0.12129800487835743
weighted_jaccard,40,class980-volcano-sample02-src01265,980,2,0.33328196422171025,0.19830495968289963,0.13497700453881062
weighted_jaccard,40,class980-volcano-sample03-src01422,980,3,0.30427274425061523,0.21319543319423778,0.09107731105637745
weighted_jaccard,40,class980-volcano-sample04-src01813,980,4,0.3448653165411638,0.19319587491918586,0.15166944162197796
edge_cosine,40,class091-coucal-sample00-src00000,91,0,0.7018927958617581,0.4406845507940503,0.26120824506770784
edge_cosine,40,class091-coucal-sample01-src00316,91,1,0.6326844952140971,0.44013201273187386,0.19255248248222323
edge_cosine,40,class091-coucal-sample02-src01583,91,2,0.5453069332326671,0.3926922764197676,0.15261465681289949
edge_cosine,40,class091-coucal-sample03-src01629,91,3,0.6704187972001391,0.4304743465258521,0.239944450674287
edge_cosine,40,class091-coucal-sample04-src03448,91,4,0.7255419799671956,0.46724276283392063,0.25829921713327497
edge_cosine,40,class171-Italian_greyhound-sample00-src00001,171,0,0.6405852482880767,0.41529980258164584,0.2252854457064309
edge_cosine,40,class171-Italian_greyhound-sample01-src02164,171,1,0.6542476879190513,0.36857085641733506,0.28567683150171624
edge_cosine,40,class171-Italian_greyhound-sample02-src02599,171,2,0.705431482298235,0.3510381558910117,0.3543933264072233
edge_cosine,40,class171-Italian_greyhound-sample03-src02775,171,3,0.6618534626055356,0.30639724441535643,0.35545621819017914
edge_cosine,40,class171-Italian_greyhound-sample04-src03793,171,4,0.5238184219601982,0.46593585844766167,0.05788256351253657
edge_cosine,40,class505-coffeepot-sample00-src00013,505,0,0.6134545595782107,0.4373598358180083,0.1760947237602024
edge_cosine,40,class505-coffeepot-sample01-src01487,505,1,0.5787364717187329,0.39242909171212564,0.18630738000660724
edge_cosine,40,class505-coffeepot-sample02-src02782,505,2,0.6185292630483511,0.47462414137734843,0.14390512167100267
edge_cosine,40,class505-coffeepot-sample03-src05563,505,3,0.5588418740417981,0.4103485996600984,0.14849327438169968
edge_cosine,40,class505-coffeepot-sample04-src05824,505,4,0.5568572695577233,0.4285047835530492,0.12835248600467408
edge_cosine,40,class817-sports_car-sample00-src00019,817,0,0.55980200623797,0.21350407162273494,0.3462979346152351
edge_cosine,40,class817-sports_car-sample01-src00787,817,1,0.45500173650179776,0.4218813546414517,0.03312038186034605
edge_cosine,40,class817-sports_car-sample02-src02853,817,2,0.5487598810330226,0.17137561456527975,0.3773842664677429
edge_cosine,40,class817-sports_car-sample03-src04513,817,3,0.5874654005951248,0.23265325770468848,0.3548121428904363
edge_cosine,40,class817-sports_car-sample04-src04549,817,4,0.5127689679093335,0.4211516752303221,0.09161729267901136
edge_cosine,40,class980-volcano-sample00-src00002,980,0,0.7263171628320896,0.45981087815474203,0.26650628467734755
edge_cosine,40,class980-volcano-sample01-src00863,980,1,0.7351713738818817,0.4805479779794009,0.2546233959024808
edge_cosine,40,class980-volcano-sample02-src01265,980,2,0.7187395041969775,0.4125254103296558,0.30621409386732173
edge_cosine,40,class980-volcano-sample03-src01422,980,3,0.6935876736626585,0.5028804998397173,0.19070717382294122
edge_cosine,40,class980-volcano-sample04-src01813,980,4,0.750844303094765,0.42469422786548366,0.32615007522928136
degree_strength_cosine,40,class091-coucal-sample00-src00000,91,0,0.8851076134671744,0.5576814876112774,0.3274261258558969
degree_strength_cosine,40,class091-coucal-sample01-src00316,91,1,0.8637726672197032,0.586689291780875,0.2770833754388282
degree_strength_cosine,40,class091-coucal-sample02-src01583,91,2,0.7586475955270384,0.5847124566000705,0.17393513892696788
degree_strength_cosine,40,class091-coucal-sample03-src01629,91,3,0.8646570316958344,0.5340169934917601,0.3306400382040743
degree_strength_cosine,40,class091-coucal-sample04-src03448,91,4,0.8922159467752904,0.594900485972454,0.29731546080283633
degree_strength_cosine,40,class171-Italian_greyhound-sample00-src00001,171,0,0.7826403641537432,0.5416084050757133,0.24103195907802988
degree_strength_cosine,40,class171-Italian_greyhound-sample01-src02164,171,1,0.801437391938947,0.498615090893251,0.302822301045696
degree_strength_cosine,40,class171-Italian_greyhound-sample02-src02599,171,2,0.8320557028584984,0.48520255424958564,0.34685314860891275
degree_strength_cosine,40,class171-Italian_greyhound-sample03-src02775,171,3,0.8076178966912059,0.4205796523377332,0.38703824435347267
degree_strength_cosine,40,class171-Italian_greyhound-sample04-src03793,171,4,0.7198408435374518,0.6557375810127553,0.06410326252469656
degree_strength_cosine,40,class505-coffeepot-sample00-src00013,505,0,0.7542125706937132,0.5814233726126405,0.17278919808107263
degree_strength_cosine,40,class505-coffeepot-sample01-src01487,505,1,0.6946354652950456,0.5055967282013103,0.1890387370937353
degree_strength_cosine,40,class505-coffeepot-sample02-src02782,505,2,0.738539132951108,0.5821863911344304,0.15635274181667758
degree_strength_cosine,40,class505-coffeepot-sample03-src05563,505,3,0.7027058257588793,0.5566206830396458,0.14608514271923345
degree_strength_cosine,40,class505-coffeepot-sample04-src05824,505,4,0.6219096103905655,0.5411388921814967,0.08077071820906878
degree_strength_cosine,40,class817-sports_car-sample00-src00019,817,0,0.9077982755205588,0.3631468885410222,0.5446513869795366
degree_strength_cosine,40,class817-sports_car-sample01-src00787,817,1,0.8621566171810366,0.5299995624889523,0.33215705469208434
degree_strength_cosine,40,class817-sports_car-sample02-src02853,817,2,0.9000977229420544,0.29801616763099875,0.6020815553110557
degree_strength_cosine,40,class817-sports_car-sample03-src04513,817,3,0.9072724402827211,0.2925651236612893,0.6147073166214319
degree_strength_cosine,40,class817-sports_car-sample04-src04549,817,4,0.8838419764103866,0.5163700247194083,0.36747195169097835
degree_strength_cosine,40,class980-volcano-sample00-src00002,980,0,0.7922668248560523,0.5812331282910633,0.21103369656498894
degree_strength_cosine,40,class980-volcano-sample01-src00863,980,1,0.810910617435939,0.6183113682264743,0.1925992492094647
degree_strength_cosine,40,class980-volcano-sample02-src01265,980,2,0.7908051818546726,0.53265816483439,0.25814701702028264
degree_strength_cosine,40,class980-volcano-sample03-src01422,980,3,0.7541553446383026,0.6438570537048254,0.1102982909334772
degree_strength_cosine,40,class980-volcano-sample04-src01813,980,4,0.8198249125007483,0.5588545653439932,0.26097034715675504
spectral_similarity,40,class091-coucal-sample00-src00000,91,0,0.9563676429189416,0.8662807526267857,0.09008689029215589
spectral_similarity,40,class091-coucal-sample01-src00316,91,1,0.9550422916643737,0.8708225687197917,0.08421972294458202
spectral_similarity,40,class091-coucal-sample02-src01583,91,2,0.9217373609759577,0.8626672894431324,0.059070071532825286
spectral_similarity,40,class091-coucal-sample03-src01629,91,3,0.9422179969705522,0.8717701227175656,0.0704478742529866
spectral_similarity,40,class091-coucal-sample04-src03448,91,4,0.9360042617291311,0.855785062016326,0.08021919971280511
spectral_similarity,40,class171-Italian_greyhound-sample00-src00001,171,0,0.8721471125340832,0.8878965308095129,-0.01574941827542975
spectral_similarity,40,class171-Italian_greyhound-sample01-src02164,171,1,0.8818497351751359,0.8791898592699349,0.0026598759052010035
spectral_similarity,40,class171-Italian_greyhound-sample02-src02599,171,2,0.8657334135132408,0.8470500701529169,0.018683343360323956
spectral_similarity,40,class171-Italian_greyhound-sample03-src02775,171,3,0.8204106119621468,0.8080639768429156,0.012346635119231175
spectral_similarity,40,class171-Italian_greyhound-sample04-src03793,171,4,0.7969338277651699,0.8353156100017971,-0.03838178223662725
spectral_similarity,40,class505-coffeepot-sample00-src00013,505,0,0.9266471903758184,0.8503997241575607,0.07624746621825773
spectral_similarity,40,class505-coffeepot-sample01-src01487,505,1,0.9256717083622186,0.8624771178630484,0.0631945904991702
spectral_similarity,40,class505-coffeepot-sample02-src02782,505,2,0.9358449423318947,0.8364786678607162,0.09936627447117852
spectral_similarity,40,class505-coffeepot-sample03-src05563,505,3,0.8948046037041113,0.7895488813042932,0.10525572239981806
spectral_similarity,40,class505-coffeepot-sample04-src05824,505,4,0.930479514466434,0.8312916307815037,0.09918788368493026
spectral_similarity,40,class817-sports_car-sample00-src00019,817,0,0.7818867489575634,0.7278834540175425,0.054003294940020874
spectral_similarity,40,class817-sports_car-sample01-src00787,817,1,0.7091405178863596,0.8236145258371087,-0.11447400795074913
spectral_similarity,40,class817-sports_car-sample02-src02853,817,2,0.7414216909210213,0.677246384229184,0.06417530669183724
spectral_similarity,40,class817-sports_car-sample03-src04513,817,3,0.7830589007323031,0.7749384431775818,0.00812045755472135
spectral_similarity,40,class817-sports_car-sample04-src04549,817,4,0.7429783687620464,0.8774345731092372,-0.13445620434719086
spectral_similarity,40,class980-volcano-sample00-src00002,980,0,0.9382136289096565,0.8467198455626803,0.09149378334697622
spectral_similarity,40,class980-volcano-sample01-src00863,980,1,0.9330452577183654,0.8707231933626742,0.06232206435569121
spectral_similarity,40,class980-volcano-sample02-src01265,980,2,0.9444421461711903,0.8560387497977888,0.08840339637340144
spectral_similarity,40,class980-volcano-sample03-src01422,980,3,0.8853921369127136,0.8759869516551128,0.009405185257600812
spectral_similarity,40,class980-volcano-sample04-src01813,980,4,0.933193699705739,0.8422840173075578,0.0909096823981812
weighted_jaccard,50,class091-coucal-sample00-src00000,91,0,0.3556718214058863,0.21463600437855712,0.1410358170273292
weighted_jaccard,50,class091-coucal-sample01-src00316,91,1,0.306620893479442,0.22214265342913891,0.08447824005030308
weighted_jaccard,50,class091-coucal-sample02-src01583,91,2,0.27841678670923253,0.19667576420832739,0.08174102250090515
weighted_jaccard,50,class091-coucal-sample03-src01629,91,3,0.32088400718987464,0.2047298459295744,0.11615416126030023
weighted_jaccard,50,class091-coucal-sample04-src03448,91,4,0.3667944412454139,0.22916068916366067,0.1376337520817532
weighted_jaccard,50,class171-Italian_greyhound-sample00-src00001,171,0,0.28809980993332285,0.20490840305544475,0.0831914068778781
weighted_jaccard,50,class171-Italian_greyhound-sample01-src02164,171,1,0.3037537893544229,0.19098739243978538,0.1127663969146375
weighted_jaccard,50,class171-Italian_greyhound-sample02-src02599,171,2,0.344093888564644,0.19288041497050842,0.1512134735941356
weighted_jaccard,50,class171-Italian_greyhound-sample03-src02775,171,3,0.31785625875735013,0.18350884503758474,0.13434741371976539
weighted_jaccard,50,class171-Italian_greyhound-sample04-src03793,171,4,0.26113138132915314,0.2189656949654132,0.042165686363739935
weighted_jaccard,50,class505-coffeepot-sample00-src00013,505,0,0.28925025453587677,0.21468765392132672,0.07456260061455006
weighted_jaccard,50,class505-coffeepot-sample01-src01487,505,1,0.288800479865821,0.2089016234042341,0.07989885646158693
weighted_jaccard,50,class505-coffeepot-sample02-src02782,505,2,0.287858338230315,0.20884990005118778,0.0790084381791272
weighted_jaccard,50,class505-coffeepot-sample03-src05563,505,3,0.26950001336821455,0.20777998990691332,0.06172002346130123
weighted_jaccard,50,class505-coffeepot-sample04-src05824,505,4,0.26272001527294,0.21040943683487273,0.052310578438067246
weighted_jaccard,50,class817-sports_car-sample00-src00019,817,0,0.2684029265657725,0.15780155583527072,0.1106013707305018
weighted_jaccard,50,class817-sports_car-sample01-src00787,817,1,0.21752310499249605,0.20336048338283494,0.014162621609661113
weighted_jaccard,50,class817-sports_car-sample02-src02853,817,2,0.2683397234249141,0.14861230192776273,0.11972742149715135
weighted_jaccard,50,class817-sports_car-sample03-src04513,817,3,0.26442623394475057,0.13572674527802686,0.1286994886667237
weighted_jaccard,50,class817-sports_car-sample04-src04549,817,4,0.2557839698035503,0.20429628187599058,0.0514876879275597
weighted_jaccard,50,class980-volcano-sample00-src00002,980,0,0.3074616318594763,0.2080121445700925,0.09944948728938377
weighted_jaccard,50,class980-volcano-sample01-src00863,980,1,0.31213683416640003,0.21076996471732407,0.10136686944907597
weighted_jaccard,50,class980-volcano-sample02-src01265,980,2,0.3344788619067858,0.2132901835238922,0.12118867838289357
weighted_jaccard,50,class980-volcano-sample03-src01422,980,3,0.29330516290136754,0.21312584059439713,0.08017932230697042
weighted_jaccard,50,class980-volcano-sample04-src01813,980,4,0.35011620183009745,0.21199701651622074,0.1381191853138767
edge_cosine,50,class091-coucal-sample00-src00000,91,0,0.7364089859917451,0.5178347832079939,0.21857420278375117
edge_cosine,50,class091-coucal-sample01-src00316,91,1,0.6874474937030686,0.5187813603811625,0.16866613332190605
edge_cosine,50,class091-coucal-sample02-src01583,91,2,0.6118987423186024,0.46924684012474244,0.14265190219385998
edge_cosine,50,class091-coucal-sample03-src01629,91,3,0.6974034675744794,0.5036533969748594,0.1937500705996199
edge_cosine,50,class091-coucal-sample04-src03448,91,4,0.7605826139256316,0.5406268447343596,0.21995576919127202
edge_cosine,50,class171-Italian_greyhound-sample00-src00001,171,0,0.6930107158008276,0.5194134623627783,0.17359725343804933
edge_cosine,50,class171-Italian_greyhound-sample01-src02164,171,1,0.7026144297791888,0.46684776161612634,0.2357666681630624
edge_cosine,50,class171-Italian_greyhound-sample02-src02599,171,2,0.7513246015302528,0.46722211116195955,0.28410249036829327
edge_cosine,50,class171-Italian_greyhound-sample03-src02775,171,3,0.7075011912829847,0.40091539060104353,0.3065858006819412
edge_cosine,50,class171-Italian_greyhound-sample04-src03793,171,4,0.6120060306353056,0.5691436120674744,0.04286241856783113
edge_cosine,50,class505-coffeepot-sample00-src00013,505,0,0.7087888191475382,0.49370445052957945,0.21508436861795877
edge_cosine,50,class505-coffeepot-sample01-src01487,505,1,0.7088308452777732,0.5017360952619122,0.20709475001586097
edge_cosine,50,class505-coffeepot-sample02-src02782,505,2,0.7092722155609456,0.5144498405079954,0.1948223750529502
edge_cosine,50,class505-coffeepot-sample03-src05563,505,3,0.6777342830986393,0.5473855411761273,0.130348741922512
edge_cosine,50,class505-coffeepot-sample04-src05824,505,4,0.6401092928190255,0.5170472026902074,0.12306209012881808
edge_cosine,50,class817-sports_car-sample00-src00019,817,0,0.6130007603863141,0.2614199305183861,0.35158082986792805
edge_cosine,50,class817-sports_car-sample01-src00787,817,1,0.5045183943552649,0.5485319838006275,-0.0440135894453626
edge_cosine,50,class817-sports_car-sample02-src02853,817,2,0.6037638711349613,0.23260681531487584,0.3711570558200855
edge_cosine,50,class817-sports_car-sample03-src04513,817,3,0.6388819455243144,0.2930118449521092,0.34587010057220524
edge_cosine,50,class817-sports_car-sample04-src04549,817,4,0.5753052380465475,0.5232643519300645,0.052040886116483054
edge_cosine,50,class980-volcano-sample00-src00002,980,0,0.749670172765345,0.5324289056222108,0.2172412671431342
edge_cosine,50,class980-volcano-sample01-src00863,980,1,0.7635141355051447,0.5463302561407736,0.2171838793643711
edge_cosine,50,class980-volcano-sample02-src01265,980,2,0.776317500641613,0.5381765298092253,0.23814097083238772
edge_cosine,50,class980-volcano-sample03-src01422,980,3,0.7178965169657056,0.567119378374228,0.15077713859147757
edge_cosine,50,class980-volcano-sample04-src01813,980,4,0.7961185297211714,0.5442511173543851,0.2518674123667862
degree_strength_cosine,50,class091-coucal-sample00-src00000,91,0,0.9028983018114791,0.6042012304908939,0.2986970713205852
degree_strength_cosine,50,class091-coucal-sample01-src00316,91,1,0.8889730201962446,0.6333709066551336,0.25560211354111095
degree_strength_cosine,50,class091-coucal-sample02-src01583,91,2,0.8160072849575892,0.6221077944840576,0.1938994904735316
degree_strength_cosine,50,class091-coucal-sample03-src01629,91,3,0.8845541526603737,0.5859034861091394,0.2986506665512343
degree_strength_cosine,50,class091-coucal-sample04-src03448,91,4,0.9134417343441846,0.6437005174784096,0.269741216865775
degree_strength_cosine,50,class171-Italian_greyhound-sample00-src00001,171,0,0.8115259639255237,0.5910534248685017,0.22047253905702202
degree_strength_cosine,50,class171-Italian_greyhound-sample01-src02164,171,1,0.8263063226800447,0.5426000113416537,0.28370631133839097
degree_strength_cosine,50,class171-Italian_greyhound-sample02-src02599,171,2,0.862857471697307,0.5527643253781128,0.31009314631919416
degree_strength_cosine,50,class171-Italian_greyhound-sample03-src02775,171,3,0.8175742633058083,0.4551418030545996,0.3624324602512087
degree_strength_cosine,50,class171-Italian_greyhound-sample04-src03793,171,4,0.7548893353631172,0.7083441664513249,0.04654516891179228
degree_strength_cosine,50,class505-coffeepot-sample00-src00013,505,0,0.8046722112982062,0.6182128389878025,0.18645937231040366
degree_strength_cosine,50,class505-coffeepot-sample01-src01487,505,1,0.77445205680966,0.5847354060500963,0.18971665075956368
degree_strength_cosine,50,class505-coffeepot-sample02-src02782,505,2,0.7672955202852627,0.5846111581196277,0.182684362165635
degree_strength_cosine,50,class505-coffeepot-sample03-src05563,505,3,0.7618942668799957,0.6326751694015108,0.12921909747848492
degree_strength_cosine,50,class505-coffeepot-sample04-src05824,505,4,0.6741276838834411,0.5974837428101938,0.07664394107324735
degree_strength_cosine,50,class817-sports_car-sample00-src00019,817,0,0.9122538601678443,0.3640828706860257,0.5481709894818185
degree_strength_cosine,50,class817-sports_car-sample01-src00787,817,1,0.8545948329709165,0.5962172360832614,0.25837759688765516
degree_strength_cosine,50,class817-sports_car-sample02-src02853,817,2,0.9024855571059917,0.31222108695513995,0.5902644701508517
degree_strength_cosine,50,class817-sports_car-sample03-src04513,817,3,0.9063112436864316,0.30550599204710926,0.6008052516393223
degree_strength_cosine,50,class817-sports_car-sample04-src04549,817,4,0.892796341951676,0.5368468704408815,0.3559494715107945
degree_strength_cosine,50,class980-volcano-sample00-src00002,980,0,0.8109734690782247,0.6137004066185675,0.19727306245965714
degree_strength_cosine,50,class980-volcano-sample01-src00863,980,1,0.8212325654756201,0.6390926594824642,0.18213990599315588
degree_strength_cosine,50,class980-volcano-sample02-src01265,980,2,0.8274192204126514,0.6096353065255032,0.21778391388714813
degree_strength_cosine,50,class980-volcano-sample03-src01422,980,3,0.7456584896136286,0.668000132341665,0.07765835727196357
degree_strength_cosine,50,class980-volcano-sample04-src01813,980,4,0.8463666190857391,0.6376006924171002,0.2087659266686389
spectral_similarity,50,class091-coucal-sample00-src00000,91,0,0.9612578184924604,0.8909495948896147,0.07030822360284572
spectral_similarity,50,class091-coucal-sample01-src00316,91,1,0.9282454807832307,0.8856733423291339,0.0425721384540968
spectral_similarity,50,class091-coucal-sample02-src01583,91,2,0.9466804588840008,0.8757437114054187,0.07093674747858203
spectral_similarity,50,class091-coucal-sample03-src01629,91,3,0.9606447012437537,0.8933922721036056,0.06725242914014806
spectral_similarity,50,class091-coucal-sample04-src03448,91,4,0.9557958575465918,0.8940294479376657,0.0617664096089261
spectral_similarity,50,class171-Italian_greyhound-sample00-src00001,171,0,0.9042872618429354,0.9097924136429067,-0.005505151799971353
spectral_similarity,50,class171-Italian_greyhound-sample01-src02164,171,1,0.9152563244228674,0.896252679266281,0.01900364515658637
spectral_similarity,50,class171-Italian_greyhound-sample02-src02599,171,2,0.911931757307754,0.8889194914053128,0.02301226590244121
spectral_similarity,50,class171-Italian_greyhound-sample03-src02775,171,3,0.8459585281629001,0.8320485563693817,0.013909971793518383
spectral_similarity,50,class171-Italian_greyhound-sample04-src03793,171,4,0.8541651373558079,0.8747612887657528,-0.020596151409944863
spectral_similarity,50,class505-coffeepot-sample00-src00013,505,0,0.9027444272740404,0.8931791445854926,0.009565282688547727
spectral_similarity,50,class505-coffeepot-sample01-src01487,505,1,0.9404404708875485,0.9001515104479539,0.04028896043959451
spectral_similarity,50,class505-coffeepot-sample02-src02782,505,2,0.9399821129293249,0.8869722045919239,0.053009908337400935
spectral_similarity,50,class505-coffeepot-sample03-src05563,505,3,0.9237930295418624,0.8676068843877729,0.056186145154089484
spectral_similarity,50,class505-coffeepot-sample04-src05824,505,4,0.9483582271287401,0.892007999428355,0.056350227700385114
spectral_similarity,50,class817-sports_car-sample00-src00019,817,0,0.7817760183233264,0.7350253933280717,0.04675062499525473
spectral_similarity,50,class817-sports_car-sample01-src00787,817,1,0.7068441492616204,0.8064813623310447,-0.0996372130694243
spectral_similarity,50,class817-sports_car-sample02-src02853,817,2,0.7492261303443177,0.6916793166256558,0.05754681371866188
spectral_similarity,50,class817-sports_car-sample03-src04513,817,3,0.7822911369756596,0.7954225353470579,-0.013131398371398317
spectral_similarity,50,class817-sports_car-sample04-src04549,817,4,0.7404235207760217,0.8954921119298568,-0.1550685911538351
spectral_similarity,50,class980-volcano-sample00-src00002,980,0,0.9387391915954246,0.9030023028802987,0.035736888715125925
spectral_similarity,50,class980-volcano-sample01-src00863,980,1,0.9211791124515143,0.8999246360076707,0.021254476443843595
spectral_similarity,50,class980-volcano-sample02-src01265,980,2,0.943829265056306,0.8990881150451708,0.04474115001113521
spectral_similarity,50,class980-volcano-sample03-src01422,980,3,0.9023285279647913,0.8626197008168169,0.03970882714797441
spectral_similarity,50,class980-volcano-sample04-src01813,980,4,0.9329598795587364,0.8860950192672675,0.04686486029146886
