method,tick,same_mean,same_median,same_std,same_n,different_mean,different_median,different_std,different_n,same_minus_different
community_nmi,1,0.33300663753395526,0.29368557746442814,0.23953543330251625,50,0.35995708945783267,0.368703496605959,0.22358371867596138,250,-0.026950451923877405
community_ari,1,0.3461825795326716,0.38734616068295114,0.3218047549865818,50,0.3638222670237081,0.45166249604235,0.3335870700371522,250,-0.017639687491036504
delta_con,1,0.15838807641448288,0.1626679570700295,0.028302049608490164,50,0.15032144837554165,0.15651020864129228,0.024464514870835178,250,0.008066628038941231
delta_con_attr,1,0.9008207490667293,0.9306210227502175,0.05718709669223724,50,0.8945729065857665,0.9279727334233527,0.05772045007252226,250,0.006247842480962773
ged_approx,1,0.21705754642230654,0.27290065516477685,0.1622923157738874,50,0.16930069642353845,0.2137801196450641,0.129056556370949,250,0.047756849998768086
wl_kernel,1,0.0,0.0,0.0,50,0.0,0.0,0.0,250,0.0
gw_approx,1,0.8266513166055626,0.8349856017617554,0.061334800124211594,50,0.825603470516632,0.8285493717870767,0.05940970663030803,250,0.001047846088930604
dynamic_trajectory,1,0.0,0.0,0.0,50,0.0,0.0,0.0,250,0.0
community_nmi,5,0.35319071368183075,0.3608499866162601,0.1085363001445495,50,0.2572476960982986,0.25427000396469834,0.09897883841732877,250,0.09594301758353213
community_ari,5,0.38792993622409844,0.37786373095241754,0.13651531975989337,50,0.29056924506759235,0.29376601109038736,0.12283388742559517,250,0.09736069115650609
delta_con,5,0.07127122448357809,0.07083725869509486,0.004269819184870013,50,0.06598721789758596,0.0658859215846256,0.0029493244225099204,250,0.005284006585992124
delta_con_attr,5,0.8520589551540008,0.8559062707513516,0.0179204541900587,50,0.8392524347551987,0.8408474809751014,0.017524510091804196,250,0.012806520398802035
ged_approx,5,0.18861727815483434,0.17332030885371313,0.06283698667589062,50,0.09398541337300789,0.089117502328178,0.026706610412112815,250,0.09463186478182645
wl_kernel,5,0.0,0.0,0.0,50,0.0,0.0,0.0,250,0.0
gw_approx,5,0.8125561376375816,0.8136074722110263,0.06461977786243045,50,0.8038934934655628,0.8156565005650525,0.06459874537013366,250,0.008662644172018785
dynamic_trajectory,5,0.9120886153944556,0.9204896477329336,0.05345066221275216,50,0.9091539957937658,0.9146274446234008,0.05870432522478849,250,0.0029346196006898584
community_nmi,10,0.33315602405727995,0.31845212443651266,0.09455185526802176,50,0.2193580967982475,0.21172417383350117,0.0705914101746409,250,0.11379792725903246
community_ari,10,0.38280950332962027,0.3757501760645967,0.12117072975096271,50,0.2551735137596104,0.24955487807793159,0.0951887282473157,250,0.12763598957000988
delta_con,10,0.0595567651466468,0.05889719994339275,0.002804530189211162,50,0.05506849590298191,0.05492070533036305,0.002292505610797228,250,0.004488269243664897
delta_con_attr,10,0.8482339450351709,0.8504311206293016,0.02164996763311899,50,0.8354417893107838,0.8358919356063765,0.01844332582784672,250,0.012792155724387078
ged_approx,10,0.26115588320211774,0.26163063259868785,0.06351261801764921,50,0.13737199366673183,0.13081379755571304,0.038543570552867175,250,0.12378388953538591
wl_kernel,10,0.0,0.0,0.0,50,0.0,0.0,0.0,250,0.0
gw_approx,10,0.8404177588816083,0.8549721284808028,0.07147567088674615,50,0.8205671264772869,0.8273488018695363,0.07312783629552928,250,0.01985063240432139
dynamic_trajectory,10,0.9555897950319894,0.9693562772435109,0.042236238531973,50,0.92649513597464,0.9317089843353081,0.04402140102392429,250,0.029094659057349426
community_nmi,15,0.2971655721895182,0.28907321611424586,0.08353957220531076,50,0.20261042528699666,0.19794817457313663,0.06156395295740584,250,0.09455514690252156
community_ari,15,0.32000743669896176,0.3103579673959802,0.10352296106336913,50,0.20793632114930094,0.20252130574815647,0.07342062976744086,250,0.11207111554966082
delta_con,15,0.05582285567045651,0.05582296663249989,0.002543108934533096,50,0.05178461846237111,0.05163592517367313,0.0020776872771971,250,0.004038237208085396
delta_con_attr,15,0.8492812635573641,0.8486446466652177,0.014828751805335017,50,0.8357428137106385,0.8370755400271328,0.015953399789815442,250,0.013538449846725586
ged_approx,15,0.2725468028267435,0.26421286000441885,0.06760922741464188,50,0.13720360240331012,0.13188600466658496,0.03966969918197272,250,0.13534320042343337
wl_kernel,15,0.0,0.0,0.0,50,0.0,0.0,0.0,250,0.0
gw_approx,15,0.8376557318556062,0.8446592467564576,0.06699039396155186,50,0.8220527605437369,0.8425261111201874,0.09117376086959576,250,0.015602971311869274
dynamic_trajectory,15,0.9370542638659333,0.9368964725328581,0.04417413877122,50,0.9062039617472073,0.9100361388901661,0.061981620099956246,250,0.03085030211872597
community_nmi,20,0.31343142525294443,0.3024156176030317,0.11017102864775373,50,0.21323828567296982,0.20824109177046574,0.06369985897944667,250,0.10019313957997461
community_ari,20,0.3314379803897205,0.3043521663128421,0.14039351574604123,50,0.2164764620374101,0.20207532412482904,0.08350757074367389,250,0.11496151835231039
delta_con,20,0.05503289959952173,0.054900781984617814,0.002647461619104884,50,0.05127921200855746,0.05119493589820416,0.0022616987779555497,250,0.003753687590964269
delta_con_attr,20,0.8451303036566713,0.8477129613422869,0.016710864283869965,50,0.834461301513922,0.8346766081378009,0.016574649202353586,250,0.010669002142749351
ged_approx,20,0.36150123865466194,0.36848300516454335,0.06742348323232353,50,0.22040028724873176,0.22364303762370824,0.059642175597751,250,0.14110095140593018
wl_kernel,20,0.0,0.0,0.0,50,0.0,0.0,0.0,250,0.0
gw_approx,20,0.8517193418485921,0.8719607528497648,0.06752479982424649,50,0.8223009288888209,0.8428511024624059,0.07966276730281417,250,0.029418412959771212
dynamic_trajectory,20,0.9303333162348671,0.9336305125113276,0.04043857508165562,50,0.920711521616714,0.9238279813256906,0.05176820184019847,250,0.009621794618153157
community_nmi,30,0.2897015703335446,0.28529293262788546,0.06971490133457395,50,0.2056128824048306,0.2022215456505731,0.0627239472227417,250,0.08408868792871399
community_ari,30,0.2765047756819752,0.2769735223410033,0.08721896529689192,50,0.17094147807225846,0.1700747656097299,0.06585629879743307,250,0.10556329760971672
delta_con,30,0.05515895966509851,0.05470812543000792,0.002811428962548528,50,0.05164799811130162,0.05160700076654118,0.0025673902426391086,250,0.0035109615537968902
delta_con_attr,30,0.8389316326917166,0.8388077272294411,0.01588548931805947,50,0.8323611080417992,0.8319008574580744,0.016828276813571966,250,0.006570524649917364
ged_approx,30,0.42272522321725015,0.4195407590618139,0.07214743146675702,50,0.2834270551962244,0.2869738463759086,0.057868303001879805,250,0.13929816802102574
wl_kernel,30,0.0,0.0,0.0,50,0.0,0.0,0.0,250,0.0
gw_approx,30,0.8625561479419005,0.8794943075957607,0.06978846650056754,50,0.8277842082635599,0.8441471583511395,0.07871427083602431,250,0.03477193967834058
dynamic_trajectory,30,0.9110505405360664,0.9178490819123833,0.062262636498000644,50,0.9107319204567053,0.9193637232566608,0.06325246339901758,250,0.00031862007936112047
community_nmi,40,0.27525261400739875,0.26812862610344845,0.0661396501666352,50,0.21240334136223277,0.20717869092920238,0.06347584895051384,250,0.06284927264516599
community_ari,40,0.2626756721925909,0.2521194579964806,0.08509162880818555,50,0.17844124948525752,0.16716949044161028,0.07003101486356993,250,0.08423442270733339
delta_con,40,0.054705536408917545,0.05480224072658495,0.0029621697379955568,50,0.0513100474332778,0.05126333196970577,0.0024853809530623367,250,0.0033954889756397447
delta_con_attr,40,0.8367535640048517,0.8361281780676828,0.018942079556531908,50,0.8332070546619115,0.8335031962791525,0.0185064708686287,250,0.0035465093429402073
ged_approx,40,0.4455649550329974,0.4415222727239601,0.06776364326404012,50,0.31542305787156694,0.31641452504629647,0.05555816563194184,250,0.1301418971614305
wl_kernel,40,0.0,0.0,0.0,50,0.0,0.0,0.0,250,0.0
gw_approx,40,0.8708854242042083,0.8946596491768288,0.07677375837199364,50,0.8347761005736676,0.8547099717595312,0.08289347997766411,250,0.03610932363054076
dynamic_trajectory,40,0.9157386547813353,0.927698983309808,0.06922625337603218,50,0.8997947310602347,0.9078007006983877,0.06264063169846759,250,0.01594392372110065
community_nmi,50,0.30367957267532014,0.2843562401368238,0.06591875370347017,50,0.2103304800839212,0.20796162114436836,0.06043119971265275,250,0.09334909259139895
community_ari,50,0.301973353720088,0.2817000394281227,0.09416662951728394,50,0.19591571942540195,0.1842871798643397,0.07458729688932904,250,0.10605763429468604
delta_con,50,0.0529936332461373,0.05234909679628007,0.002945292589334322,50,0.049888595106741526,0.049780692028589354,0.002288340313863471,250,0.003105038139395777
delta_con_attr,50,0.8366202912834294,0.8353564945732327,0.02194454342449817,50,0.8383425972714323,0.8378747238882629,0.01631780905332135,250,-0.0017223059880029368
ged_approx,50,0.45488446418195344,0.45876754972562633,0.06267125844387166,50,0.3325697438024688,0.3378233841002669,0.0528600904716196,250,0.12231472037948465
wl_kernel,50,0.0,0.0,0.0,50,0.0,0.0,0.0,250,0.0
gw_approx,50,0.8713488128307971,0.900130885820323,0.0780640340933585,50,0.8376317523990681,0.8606948483166927,0.08555621738718239,250,0.03371706043172906
dynamic_trajectory,50,0.9142476058803704,0.9230215218650288,0.05400601503878317,50,0.9170678861864437,0.9195364596294531,0.05174527857239259,250,-0.002820280306073397
